season,name,partner,industry,homestate,homecountry,age,result,placement,rule_type,elimination_week,total_weeks
1,Kelly Monaco,Alec Mazo,Actor/Actress,Pennsylvania,United States,29,1st Place,1,RANK,,6
1,John O'Hurley,Charlotte Jorgensen,Actor/Actress,Maine,United States,50,2nd Place,2,RANK,,6
1,Joey McIntyre,Ashly DelGrosso,Singer/Rapper,Massachusetts,United States,32,3rd Place,3,RANK,,5
1,Rachel Hunter,Jonathan Roberts,Model,,New Zealand,35,Eliminated Week 4,4,RANK,4,4
1,Evander Holyfield,Edyta Sliwinska,Athlete,Alabama,United States,42,Eliminated Week 3,5,RANK,3,3
1,Trista Sutter,Louis van Amstel,TV Personality,Indiana,United States,32,Eliminated Week 2,6,RANK,2,2
2,Drew Lachey,Cheryl Burke,Singer/Rapper,Ohio,United States,29,1st Place,1,RANK,,8
2,Jerry Rice,Anna Trebunskaya,Athlete,Mississippi,United States,43,2nd Place,2,RANK,,8
2,Stacy Keibler,Tony Dovolani,Athlete,Maryland,United States,26,3rd Place,3,RANK,,8
2,Lisa Rinna,Louis van Amstel,Actor/Actress,California,United States,42,Eliminated Week 7,4,RANK,7,7
2,George Hamilton,Edyta Sliwinska,Actor/Actress,Tennessee,United States,66,Eliminated Week 6,5,RANK,6,6
2,Tia Carrere,Maksim Chmerkoskiy,Actor/Actress,Hawaii,United States,39,Eliminated Week 5,6,RANK,5,5
2,Master P,Ashly DelGrosso,Singer/Rapper,Louisiana,United States,35,Eliminated Week 4,7,RANK,4,4
2,Giselle Fernandez,Jonathan Roberts,News Anchor,,Mexico,44,Eliminated Week 3,8,RANK,3,3
2,Tatum O'Neal,Nick Kosovich,Actor/Actress,California,United States,42,Eliminated Week 2,9,RANK,2,2
2,Kenny Mayne,Andrea Hale,Sports Broadcaster,Washington,United States,46,Eliminated Week 1,10,RANK,1,1
3,Emmitt Smith,Cheryl Burke,Athlete,Florida,United States,37,1st Place,1,PERCENTAGE,,10
3,Mario Lopez,Karina Smirnoff,Actor/Actress,California,United States,32,2nd Place,2,PERCENTAGE,,10
3,Joey Lawrence,Edyta Sliwinska,Actor/Actress,Pennsylvania,United States,30,3rd Place,3,PERCENTAGE,,9
3,Monique Coleman,Louis van Amstel,Actor/Actress,South Carolina,United States,25,Eliminated Week 8,4,PERCENTAGE,8,8
3,Jerry Springer,Kym Johnson,TV Personality,,England,62,Eliminated Week 7,5,PERCENTAGE,7,7
3,Sara Evans,Tony Dovolani,Singer/Rapper,Missouri,United States,35,Withdrew,6,PERCENTAGE,,5
3,Willa Ford,Maksim Chmerkoskiy,Singer/Rapper,Florida,United States,25,Eliminated Week 5,7,PERCENTAGE,5,5
3,Vivica A. Fox,Nick Kosovich,Actor/Actress,Indiana,United States,42,Eliminated Week 4,8,PERCENTAGE,4,4
3,Harry Hamlin,Ashly DelGrosso,Actor/Actress,California,United States,54,Eliminated Week 3,9,PERCENTAGE,3,3
3,Shanna Moakler,Jesse DeSoto,Model,Rhode Island,United States,31,Eliminated Week 2,10,PERCENTAGE,2,2
3,Tucker Carlson,Elena Grinenko,TV Personality,California,United States,37,Eliminated Week 1,11,PERCENTAGE,1,1
4,Apolo Anton Ohno,Julianne Hough,Athlete,Washington,United States,24,1st Place,1,PERCENTAGE,,10
4,Joey Fatone,Kym Johnson,Singer/Rapper,New York,United States,30,2nd Place,2,PERCENTAGE,,10
4,Laila Ali,Maksim Chmerkoskiy,Athlete,Florida,United States,29,3rd Place,3,PERCENTAGE,,10
4,Ian Ziering,Cheryl Burke,Actor/Actress,New Jersey,United States,42,Eliminated Week 9,4,PERCENTAGE,9,9
4,Billy Ray Cyrus,Karina Smirnoff,Singer/Rapper,Kentucky,United States,45,Eliminated Week 8,5,PERCENTAGE,8,8
4,John Ratzenberger,Edyta Sliwinska,Actor/Actress,Connecticut,United States,59,Eliminated Week 7,6,PERCENTAGE,7,7
4,Heather Mills,Jonathan Roberts,Model,,England,39,Eliminated Week 6,7,PERCENTAGE,6,6
4,Clyde Drexler,Elena Grinenko,Athlete,Louisiana,United States,44,Eliminated Week 5,8,PERCENTAGE,5,5
4,Leeza Gibbons,Tony Dovolani,TV Personality,South Carolina,United States,50,Eliminated Week 4,9,PERCENTAGE,4,4
4,Shandi Finnessey,Brian Fortuna,Beauty Pagent,Missouri,United States,28,Eliminated Week 3,10,PERCENTAGE,3,3
4,Paulina Porizkova,Alec Mazo,Model,,Czechoslovakia,41,Eliminated Week 2,11,PERCENTAGE,2,2
5,Helio Castroneves,Julianne Hough,Racing Driver,,Brazil,32,1st Place,1,PERCENTAGE,,10
5,Mel B,Maksim Chmerkoskiy,Singer/Rapper,,England,32,2nd Place,2,PERCENTAGE,,10
5,Marie Osmond,Jonathan Roberts,Singer/Rapper,Utah,United States,47,3rd Place,3,PERCENTAGE,,10
5,Jennie Garth,Derek Hough,Actor/Actress,Illinois,United States,35,Eliminated Week 9,4,PERCENTAGE,9,9
5,Cameron Mathison,Edyta Sliwinska,Actor/Actress,,Canada,38,Eliminated Week 8,5,PERCENTAGE,8,8
5,Jane Seymour,Tony Dovolani,Actor/Actress,,England,56,Eliminated Week 7,6,PERCENTAGE,7,7
5,Sabrina Bryan,Mark Ballas,Actor/Actress,California,United States,23,Eliminated Week 6,7,PERCENTAGE,6,6
5,Mark Cuban,Kym Johnson,TV Personality,Pennsylvania,United States,49,Eliminated Week 5,8,PERCENTAGE,5,5
5,Floyd Mayweather Jr.,Karina Smirnoff,Athlete,Michigan,United States,30,Eliminated Week 4,9,PERCENTAGE,4,4
5,Wayne Newton,Cheryl Burke,Singer/Rapper,Virginia,United States,65,Eliminated Week 3,10,PERCENTAGE,3,3
5,Albert Reed,Anna Trebunskaya,Model,Florida,United States,22,Eliminated Week 2,11,PERCENTAGE,2,2
5,Josie Maran,Alec Mazo,Model,California,United States,29,Eliminated Week 1,12,PERCENTAGE,1,1
6,Kristi Yamaguchi,Mark Ballas,Athlete,California,United States,36,1st Place,1,PERCENTAGE,,10
6,Jason Taylor,Edyta Sliwinska,Athlete,Pennsylvania,United States,33,2nd Place,2,PERCENTAGE,,10
6,Cristian de la Fuente,Cheryl Burke,Actor/Actress,,Chile,34,3rd Place,3,PERCENTAGE,,10
6,Marissa Jaret Winokur,Tony Dovolani,Actor/Actress,New York,United States,35,Eliminated Week 9,4,PERCENTAGE,9,9
6,Mario,Karina Smirnoff,Singer/Rapper,Maryland,United States,21,Eliminated Week 8,5,PERCENTAGE,8,8
6,Shannon Elizabeth,Derek Hough,Actor/Actress,Texas,United States,34,Eliminated Week 7,6,PERCENTAGE,7,7
6,Marlee Matlin,Fabian Sanchez,Actor/Actress,Illinois,United States,42,Eliminated Week 6,7,PERCENTAGE,6,6
6,Priscilla Presley,Louis van Amstel,Actor/Actress,New York,United States,62,Eliminated Week 5,8,PERCENTAGE,5,5
6,Adam Carolla,Julianne Hough,Radio Personality,California,United States,43,Eliminated Week 4,9,PERCENTAGE,4,4
6,Steve Guttenberg,Anna Trebunskaya,Actor/Actress,New York,United States,49,Eliminated Week 3,10,PERCENTAGE,3,3
6,Monica Seles,Jonathan Roberts,Athlete,,Yugoslavia,34,Eliminated Week 2,11,PERCENTAGE,2,2
6,Penn Jillette,Kym Johnson,Magician,Massachusetts,United States,53,Eliminated Week 2,12,PERCENTAGE,2,2
7,Brooke Burke,Derek Hough,TV Personality,Connecticut,United States,37,1st Place,1,PERCENTAGE,,10
7,Warren Sapp,Kym Johnson,Athlete,Florida,United States,35,2nd Place,2,PERCENTAGE,,10
7,Lance Bass,Lacey Schwimmer,Singer/Rapper,Mississippi,United States,29,3rd Place,3,PERCENTAGE,,10
7,Cody Linley,Julianne Hough,Actor/Actress,Texas,United States,18,Eliminated Week 9,4,PERCENTAGE,9,9
7,Maurice Greene,Cheryl Burke,Athlete,Kansas,United States,34,Eliminated Week 8,5,PERCENTAGE,8,8
7,Susan Lucci,Tony Dovolani,Actor/Actress,New York,United States,61,Eliminated Week 7,6,PERCENTAGE,7,7
7,Cloris Leachman,Corky Ballas,Actor/Actress,Iowa,United States,82,Eliminated Week 6,7,PERCENTAGE,6,6
7,Toni Braxton,Alec Mazo,Singer/Rapper,Maryland,United States,40,Eliminated Week 5,8,PERCENTAGE,5,5
7,Rocco DiSpirito,Karina Smirnoff,TV Personality,New York,United States,41,Eliminated Week 4,9,PERCENTAGE,4,4
7,Misty May-Treanor,Maksim Chmerkoskiy,Athlete,California,United States,31,Withdrew,10,PERCENTAGE,,2
7,Kim Kardashian,Mark Ballas,TV Personality,California,United States,27,Eliminated Week 2,11,PERCENTAGE,2,2
7,Ted McGinley,Inna Brayer,Actor/Actress,California,United States,50,Eliminated Week 1,12,PERCENTAGE,1,1
7,Jeffrey Ross,Edyta Sliwinska,Comedian,New Jersey,United States,43,Eliminated Week 1,13,PERCENTAGE,1,1
8,Shawn Johnson,Mark Ballas,Athlete,Iowa,United States,17,1st Place,1,PERCENTAGE,,11
8,Gilles Marini,Cheryl Burke,Actor/Actress,,France,33,2nd Place,2,PERCENTAGE,,11
8,Melissa Rycroft,Tony Dovolani,TV Personality,Texas,United States,26,3rd Place,3,PERCENTAGE,,11
8,Ty Murray,Chelsie Hightower,Athlete,Arizona,United States,39,Eliminated Week 10,4,PERCENTAGE,10,10
8,Lil' Kim,Derek Hough,Singer/Rapper,New York,United States,34,Eliminated Week 9,5,PERCENTAGE,9,9
8,Chuck Wicks,Julianne Hough,Singer/Rapper,Delaware,United States,29,Eliminated Week 8,6,PERCENTAGE,8,8
8,Lawrence Taylor,Edyta Sliwinska,Athlete,Virginia,United States,50,Eliminated Week 7,7,PERCENTAGE,7,7
8,Steve-O,Lacey Schwimmer,TV Personality,,England,34,Eliminated Week 6,8,PERCENTAGE,6,6
8,David Alan Grier,Kym Johnson,Actor/Actress,Michigan,United States,52,Eliminated Week 5,9,PERCENTAGE,5,5
8,Steve Wozniak,Karina Smirnoff,Entrepreneur,California,United States,58,Eliminated Week 4,10,PERCENTAGE,4,4
8,Holly Madison,Dmitry Chaplin,TV Personality,Oregon,United States,30,Eliminated Week 4,11,PERCENTAGE,4,4
8,Denise Richards,Maksim Chmerkoskiy,Actor/Actress,Illinois,United States,38,Eliminated Week 3,12,PERCENTAGE,3,3
8,Belinda Carlisle,Jonathan Roberts,Singer/Rapper,California,United States,50,Eliminated Week 2,13,PERCENTAGE,2,2
9,Donny Osmond,Kym Johnson,Singer/Rapper,Utah,United States,51,1st Place,1,PERCENTAGE,,10
9,Mya,Dmitry Chaplin,Singer/Rapper,Washington D.C.,United States,29,2nd Place,2,PERCENTAGE,,10
9,Kelly Osbourne,Louis van Amstel,TV Personality,,England,24,3rd Place,3,PERCENTAGE,,10
9,Joanna Krupa,Derek Hough,Model,,Poland,30,Eliminated Week 9,4,PERCENTAGE,9,9
9,Aaron Carter,Karina Smirnoff,Singer/Rapper,Florida,United States,21,Eliminated Week 8,5,PERCENTAGE,8,8
9,Mark Dacascos,Lacey Schwimmer,Actor/Actress,Hawaii,United States,45,Eliminated Week 7,6,PERCENTAGE,7,7
9,Michael Irvin,Anna Demidova,Athlete,Florida,United States,43,Eliminated Week 7,7,PERCENTAGE,7,7
9,Louie Vito,Chelsie Hightower,Athlete,Ohio,United States,21,Eliminated Week 6,8,PERCENTAGE,6,6
9,Melissa Joan Hart,Mark Ballas,Actor/Actress,New York,United States,33,Eliminated Week 6,9,PERCENTAGE,6,6
9,Natalie Coughlin,Alec Mazo,Athlete,California,United States,27,Eliminated Week 5,10,PERCENTAGE,5,5
9,Chuck Liddell,Anna Trebunskaya,Athlete,California,United States,39,Eliminated Week 4,11,PERCENTAGE,4,4
9,Debi Mazar,Maksim Chmerkoskiy,Actor/Actress,New York,United States,45,Eliminated Week 3,12,PERCENTAGE,3,3
9,Tom DeLay,Cheryl Burke,Politician,Texas,United States,62,Withdrew,13,PERCENTAGE,,3
9,Kathy Ireland,Tony Dovolani,Model,California,United States,46,Eliminated Week 2,14,PERCENTAGE,2,2
9,Macy Gray,Jonathan Roberts,Singer/Rapper,Ohio,United States,42,Eliminated Week 1,15,PERCENTAGE,1,1
9,Ashley Hamiliton,Edyta Sliwinska,Actor/Actress,California,United States,34,Eliminated Week 1,16,PERCENTAGE,1,1
10,Nicole Scherzinger,Derek Hough,Singer/Rapper,Hawaii,United States,31,1st Place,1,PERCENTAGE,,10
10,Evan Lysacek,Anna Trebunskaya,Athlete,Illinois,United States,24,2nd Place,2,PERCENTAGE,,10
10,Erin Andrews,Maksim Chmerkoskiy,Sports Broadcaster,Maine,United States,32,3rd Place,3,PERCENTAGE,,10
10,Chad Ochocinco,Cheryl Burke,Athlete,Florida,United States,32,Eliminated Week 9,4,PERCENTAGE,9,9
10,Niecy Nash,Louis van Amstel,Actor/Actress,California,United States,40,Eliminated Week 8,5,PERCENTAGE,8,8
10,Pamela Anderson,Damian Whitewood,Model,,Canada,42,Eliminated Week 7,6,PERCENTAGE,7,7
10,Jake Pavelka,Chelsie Hightower,TV Personality,Texas,United States,32,Eliminated Week 6,7,PERCENTAGE,6,6
10,Kate Gosselin,Tony Dovolani,TV Personality,Pennsylvania,United States,35,Eliminated Week 5,8,PERCENTAGE,5,5
10,Aiden Turner,Edyta Sliwinska,Actor/Actress,,England,32,Eliminated Week 4,9,PERCENTAGE,4,4
10,Buzz Aldrin,Ashly DelGrosso,Astronaut,New Jersey,United States,80,Eliminated Week 3,10,PERCENTAGE,3,3
10,Shannen Doherty,Mark Ballas,Actor/Actress,Tennessee,United States,38,Eliminated Week 2,11,PERCENTAGE,2,2
11,Jennifer Grey,Derek Hough,Actor/Actress,New York,United States,50,1st Place,1,PERCENTAGE,,10
11,Kyle Massey,Lacey Schwimmer,Actor/Actress,Georgia,United States,19,2nd Place,2,PERCENTAGE,,10
11,Bristol Palin,Mark Ballas,TV Personality,Alaska,United States,19,3rd Place,3,PERCENTAGE,,10
11,Brandy,Maksim Chmerkoskiy,Singer/Rapper,Mississippi,United States,31,Eliminated Week 9,4,PERCENTAGE,9,9
11,Kurt Warner,Anna Trebunskaya,Athlete,Iowa,United States,39,Eliminated Week 8,5,PERCENTAGE,8,8
11,Rick Fox,Cheryl Burke,Athlete,,Canada,41,Eliminated Week 7,6,PERCENTAGE,7,7
11,Audrina Patridge,Tony Dovolani,TV Personality,California,United States,25,Eliminated Week 6,7,PERCENTAGE,6,6
11,Florence Henderson,Corky Ballas,Actor/Actress,Indiana,United States,76,Eliminated Week 5,8,PERCENTAGE,5,5
11,The Situation,Karina Smirnoff,TV Personality,New York,United States,28,Eliminated Week 4,9,PERCENTAGE,4,4
11,Margaret Cho,Louis van Amstel,Comedian,California,United States,41,Eliminated Week 3,10,PERCENTAGE,3,3
11,Michael Bolton,Chelsie Hightower,Singer/Rapper,Connecticut,United States,57,Eliminated Week 2,11,PERCENTAGE,2,2
11,David Hasselhoff,Kym Johnson,Actor/Actress,Maryland,United States,58,Eliminated Week 1,12,PERCENTAGE,1,1
12,Hines Ward,Kym Johnson,Athlete,,South Korea,35,1st Place,1,PERCENTAGE,,10
12,Kirstie Alley,Maksim Chmerkoskiy,Actor/Actress,Kansas,United States,60,2nd Place,2,PERCENTAGE,,10
12,Chelsea Kane,Mark Ballas,Actor/Actress,Arizona,United States,22,3rd Place,3,PERCENTAGE,,10
12,Ralph Macchio,Karina Smirnoff,Actor/Actress,New York,United States,49,Eliminated Week 9,4,PERCENTAGE,9,9
12,Romeo,Chelsie Hightower,Singer/Rapper,Louisiana,United States,21,Eliminated Week 8,5,PERCENTAGE,8,8
12,Kendra Wilkinson,Louis van Amstel,TV Personality,California,United States,25,Eliminated Week 7,6,PERCENTAGE,7,7
12,Chris Jericho,Cheryl Burke,Athlete,New York,United States,40,Eliminated Week 6,7,PERCENTAGE,6,6
12,Petra Nemcova,Dmitry Chaplin,Model,,Czechoslovakia,31,Eliminated Week 5,8,PERCENTAGE,5,5
12,Sugar Ray Leonard,Anna Trebunskaya,Athlete,North Carolina,United States,54,Eliminated Week 4,9,PERCENTAGE,4,4
12,Wendy Williams,Tony Dovolani,TV Personality,New Jersey,United States,46,Eliminated Week 3,10,PERCENTAGE,3,3
12,Mike Catherwood,Lacey Schwimmer,Radio Personality,California,United States,32,Eliminated Week 2,11,PERCENTAGE,2,2
13,J.R. Martinez,Karina Smirnoff,Actor/Actress,Louisiana,United States,28,1st Place,1,PERCENTAGE,,10
13,Rob Kardashian,Cheryl Burke,TV Personality,California,United States,24,2nd Place,2,PERCENTAGE,,10
13,Ricki Lake,Derek Hough,Actor/Actress,New York,United States,42,3rd Place,3,PERCENTAGE,,10
13,Hope Solo,Maksim Chmerkoskiy,Athlete,Washington,United States,30,Eliminated Week 9,4,PERCENTAGE,9,9
13,Nancy Grace,Tristan MacManus,TV Personality,Georgia,United States,51,Eliminated Week 8,5,PERCENTAGE,8,8
13,David Arquette,Kym Johnson,Actor/Actress,Virginia,United States,40,Eliminated Week 7,6,PERCENTAGE,7,7
13,Chaz Bono,Lacey Schwimmer,TV Personality,California,United States,42,Eliminated Week 6,7,PERCENTAGE,6,6
13,Carson Kressley,Anna Trebunskaya,TV Personality,Pennsylvania,United States,41,Eliminated Week 5,8,PERCENTAGE,5,5
13,Chynna Phillips,Tony Dovolani,Singer/Rapper,California,United States,43,Eliminated Week 4,9,PERCENTAGE,4,4
13,Kristin Cavallari,Mark Ballas,TV Personality,Colorado,United States,24,Eliminated Week 3,10,PERCENTAGE,3,3
13,Elisabetta Canalis,Valentin Chmerkovskiy,Actor/Actress,,Italy,33,Eliminated Week 2,11,PERCENTAGE,2,2
13,Metta World Peace (Ron),Peta Murgatroyd,Athlete,New York,United States,31,Eliminated Week 1,12,PERCENTAGE,1,1
14,Donald Driver,Peta Murgatroyd,Athlete,Texas,United States,37,1st Place,1,PERCENTAGE,,10
14,Katherine Jenkins,Mark Ballas,Singer/Rapper,,Wales,31,2nd Place,2,PERCENTAGE,,10
14,William Levy,Cheryl Burke,Actor/Actress,,Cuba,31,3rd Place,3,PERCENTAGE,,10
14,Maria Menounos,Derek Hough,TV Personality,Massachusetts,United States,33,Eliminated Week 9,4,PERCENTAGE,9,9
14,Melissa Gilbert,Maksim Chmerkoskiy,Actor/Actress,California,United States,47,Eliminated Week 8,5,PERCENTAGE,8,8
14,Roshon Fegan,Chelsie Hightower,Actor/Actress,California,United States,20,Eliminated Week 8,6,PERCENTAGE,8,8
14,Jaleel White,Kym Johnson,Actor/Actress,California,United States,35,Eliminated Week 7,7,PERCENTAGE,7,7
14,Gladys Knight,Tristan MacManus,Singer/Rapper,Georgia,United States,67,Eliminated Week 6,8,PERCENTAGE,6,6
14,Gavin DeGraw,Karina Smirnoff,Singer/Rapper,New York,United States,35,Eliminated Week 5,9,PERCENTAGE,5,5
14,Sherri Sheperd,Valentin Chmerkovskiy,Actor/Actress,Illinois,United States,44,Eliminated Week 4,10,PERCENTAGE,4,4
14,Jack Wagner,Anna Trebunskaya,Actor/Actress,Missouri,United States,52,Eliminated Week 3,11,PERCENTAGE,3,3
14,Martina Navratilova,Tony Dovolani,Athlete,,Czechoslovakia,55,Eliminated Week 2,12,PERCENTAGE,2,2
15,Melissa Rycroft,Tony Dovolani,TV Personality,Texas,United States,29,1st Place,1,PERCENTAGE,,10
15,Shawn Johnson,Derek Hough,Athlete,Iowa,United States,20,2nd Place,2,PERCENTAGE,,10
15,Kelly Monaco,Valentin Chmerkovskiy,Actor/Actress,Pennsylvania,United States,36,3rd Place,3,PERCENTAGE,,10
15,Emmitt Smith,Cheryl Burke,Athlete,Florida,United States,43,Eliminated Week 9,4,PERCENTAGE,9,9
15,Apolo Anton Ohno,Karina Smirnoff,Athlete,Washington,United States,30,Eliminated Week 9,5,PERCENTAGE,9,9
15,Gilles Marini,Peta Murgatroyd,Actor/Actress,,France,36,Eliminated Week 8,6,PERCENTAGE,8,8
15,Kirstie Alley,Maksim Chmerkoskiy,Actor/Actress,Kansas,United States,61,Eliminated Week 8,7,PERCENTAGE,8,8
15,Sabrina Bryan,Louis van Amstel,Actor/Actress,California,United States,28,Eliminated Week 6,8,PERCENTAGE,6,6
15,Bristol Palin,Mark Ballas,TV Personality,Alaska,United States,21,Eliminated Week 4,9,PERCENTAGE,4,4
15,Helio Castroneves,Chelsie Hightower,Racing Driver,,Brazil,37,Eliminated Week 3,10,PERCENTAGE,3,3
15,Drew Lachey,Anna Trebunskaya,Singer/Rapper,Ohio,United States,36,Eliminated Week 3,11,PERCENTAGE,3,3
15,Joey Fatone,Kym Johnson,Singer/Rapper,New York,United States,35,Eliminated Week 2,12,PERCENTAGE,2,2
15,Pamela Anderson,Tristan MacManus,Model,,Canada,45,Eliminated Week 1,13,PERCENTAGE,1,1
16,Kellie Pickler,Derek Hough,Singer/Rapper,North Carolina,United States,26,1st Place,1,PERCENTAGE,,10
16,Zendaya,Valentin Chmerkovskiy,Actor/Actress,California,United States,16,2nd Place,2,PERCENTAGE,,10
16,Jacoby Jones,Karina Smirnoff,Athlete,Louisiana,United States,28,3rd Place,3,PERCENTAGE,,10
16,Alexandra Raisman,Mark Ballas,Athlete,Massachusetts,United States,18,Eliminated Week 10,4,PERCENTAGE,10,10
16,Ingo Rademacher,Kym Johnson,Actor/Actress,,Germany,41,Eliminated Week 9,5,PERCENTAGE,9,9
16,Sean Lowe,Peta Murgatroyd,TV Personality,Texas,United States,29,Eliminated Week 8,6,PERCENTAGE,8,8
16,Andy Dick,Sharna Burgess,Comedian,South Carolina,United States,47,Eliminated Week 7,7,PERCENTAGE,7,7
16,Victor Ortiz,Lindsay Arnold,Athlete,Kansas,United States,26,Eliminated Week 6,8,PERCENTAGE,6,6
16,D. L. Hughley,Cheryl Burke,Comedian,Virginia,United States,50,Eliminated Week 5,9,PERCENTAGE,5,5
16,Lisa Vanderpump,Gleb Savchenko,TV Personality,,England,52,Eliminated Week 4,10,PERCENTAGE,4,4
16,Wynonna Judd,Tony Dovolani,Singer/Rapper,Kentucky,United States,48,Eliminated Week 3,11,PERCENTAGE,3,3
16,Dorothy Hamill,Tristan MacManus,Athlete,Illinois,United States,56,Withdrew,12,PERCENTAGE,,2
17,Amber Riley,Derek Hough,Actor/Actress,California,United States,27,1st Place,1,PERCENTAGE,,11
17,Corbin Bleu,Karina Smirnoff,Actor/Actress,New York,United States,24,2nd Place,2,PERCENTAGE,,11
17,Jack Osbourne,Cheryl Burke,TV Personality,,England,27,3rd Place,3,PERCENTAGE,,11
17,Bill Engvall,Emma Slater,Comedian,Texas,United States,56,Eliminated Week 11,4,PERCENTAGE,11,11
17,Leah Remini,Tony Dovolani,Actor/Actress,New York,United States,43,Eliminated Week 10,5,PERCENTAGE,10,10
17,Elizabeth Berkley Lauren,Valentin Chmerkovskiy,Actor/Actress,Michigan,United States,39,Eliminated Week 9,6,PERCENTAGE,9,9
17,Brant Daugherty,Peta Murgatroyd,Actor/Actress,Ohio,United States,28,Eliminated Week 8,7,PERCENTAGE,8,8
17,"Nicole ""Snooki"" Polizzi",Sasha Farber,TV Personality,,Chile,25,Eliminated Week 7,8,PERCENTAGE,7,7
17,Christina Milian,Mark Ballas,Singer/Rapper,New Jersey,United States,31,Eliminated Week 5,9,PERCENTAGE,5,5
17,Valerie Harper,Tristan MacManus,Actor/Actress,New York,United States,74,Eliminated Week 4,10,PERCENTAGE,4,4
17,Bill Nye,Tyne Stecklein,TV Personality,Washington D.C.,United States,57,Eliminated Week 3,11,PERCENTAGE,3,3
17,Keyshawn Johnson,Sharna Burgess,Athlete,California,United States,41,Eliminated Week 2,12,PERCENTAGE,2,2
18,Meryl Davis,Maksim Chmerkoskiy,Athlete,Michigan,United States,27,1st Place,1,PERCENTAGE,,10
18,Amy Purdy,Derek Hough,Athlete,Nevada,United States,34,2nd Place,2,PERCENTAGE,,10
18,Candace Cameron Bure,Mark Ballas,Actor/Actress,California,United States,37,3rd Place,3,PERCENTAGE,,10
18,James Maslow,Peta Murgatroyd,Actor/Actress,New York,United States,23,Eliminated Week 10,4,PERCENTAGE,10,10
18,Charlie White,Sharna Burgess,Athlete,Michigan,United States,26,Eliminated Week 9,5,PERCENTAGE,9,9
18,Danica McKellar,Valentin Chmerkovskiy,Actor/Actress,California,United States,39,Eliminated Week 8,6,PERCENTAGE,8,8
18,NeNe Leakes,Tony Dovolani,TV Personality,New York,United States,46,Eliminated Week 7,7,PERCENTAGE,7,7
18,Drew Carey,Cheryl Burke,Comedian,Ohio,United States,55,Eliminated Week 6,8,PERCENTAGE,6,6
18,Cody Simpson,Witney Carson,Singer/Rapper,,Australia,17,Eliminated Week 5,9,PERCENTAGE,5,5
18,Billy Dee Williams,Emma Slater,Actor/Actress,New York,United States,76,Withdrew,10,PERCENTAGE,,2
18,Sean Avery,Karina Smirnoff,Athlete,,Canada,33,Eliminated Week 2,11,PERCENTAGE,2,2
18,Diana Nyad,Henry Byalikov,Athlete,New York,United States,64,Eliminated Week 2,12,PERCENTAGE,2,1
19,Alfonso Ribeiro,Witney Carson,Actor/Actress,New York,United States,42,1st Place,1,PERCENTAGE,,11
19,Sadie Robertson,Mark Ballas,TV Personality,Louisiana,United States,17,2nd Place,2,PERCENTAGE,,11
19,Janel Parrish,Valentin Chmerkovskiy,Actor/Actress,Hawaii,United States,25,3rd Place,3,PERCENTAGE,,11
19,Bethany Mota,Derek Hough,Social Media Personality,California,United States,18,Eliminated Week 11,4,PERCENTAGE,11,11
19,Tommy Chong,Peta Murgatroyd,Comedian,,Canada,76,Eliminated Week 10,5,PERCENTAGE,10,10
19,Lea Thompson,Artem Chigvintsev,Actor/Actress,Minnesota,United States,53,Eliminated Week 9,6,PERCENTAGE,9,9
19,Michael Waltrip,Emma Slater,Racing Driver,Kentucky,United States,51,Eliminated Week 8,7,PERCENTAGE,8,8
19,Antonio Sabato Jr.,Cheryl Burke,Actor/Actress,,Italy,42,Eliminated Week 7,8,PERCENTAGE,7,7
19,Jonathan Bennett,Allison Holker,Actor/Actress,Ohio,United States,33,Eliminated Week 6,9,PERCENTAGE,6,6
19,Betsey Johnson,Tony Dovolani,Fashion Designer,Connecticut,United States,72,Eliminated Week 4,10,PERCENTAGE,4,4
19,Randy Couture,Karina Smirnoff,Athlete,Washington,United States,51,Eliminated Week 3,11,PERCENTAGE,3,3
19,Tavis Smiley,Sharna Burgess,Radio Personality,Mississippi,United States,50,Eliminated Week 2,12,PERCENTAGE,2,2
19,Lolo Jones,Keo Motsepe,Athlete,Iowa,United States,32,Eliminated Week 1,13,PERCENTAGE,1,1
20,Rumer Willis,Valentin Chmerkovskiy,Actor/Actress,Kentucky,United States,26,1st Place,1,PERCENTAGE,,10
20,Riker Lynch,Allison Holker,Actor/Actress,Colorado,United States,23,2nd Place,2,PERCENTAGE,,10
20,Noah Galloway,Sharna Burgess,Motivational Speaker,Alabama,United States,33,3rd Place,3,PERCENTAGE,,10
20,Nastia Liukin,Derek Hough,Athlete,,Russia,25,Eliminated Week 9,4,PERCENTAGE,9,9
20,Chris Soules,Witney Carson,TV Personality,Iowa,United States,33,Eliminated Week 8,5,PERCENTAGE,8,8
20,Robert Herjavec,Kym Johnson,Entrepreneur,,Croatia,52,Eliminated Week 8,6,PERCENTAGE,8,8
20,Willow Shields,Mark Ballas,Actor/Actress,New Mexico,United States,14,Eliminated Week 7,7,PERCENTAGE,7,7
20,Patti LaBelle,Artem Chigvintsev,Singer/Rapper,Pennsylvania,United States,70,Eliminated Week 6,8,PERCENTAGE,6,6
20,Suzanne Somers,Tony Dovolani,Actor/Actress,California,United States,68,Eliminated Week 5,9,PERCENTAGE,5,5
20,Michael Sam,Peta Murgatroyd,Athlete,Texas,United States,25,Eliminated Week 4,10,PERCENTAGE,4,4
20,Charlotte McKinney,Keo Motsepe,Model,Florida,United States,21,Eliminated Week 3,11,PERCENTAGE,3,3
20,Redfoo,Emma Slater,Singer/Rapper,California,United States,39,Eliminated Week 2,12,PERCENTAGE,2,2
21,Bindi Irwin,Derek Hough,TV Personality,,Australia,17,1st Place,1,PERCENTAGE,,11
21,Nick Carter,Sharna Burgess,Singer/Rapper,New York,United States,35,2nd Place,2,PERCENTAGE,,11
21,Alek Skarlatos,Lindsay Arnold,Military,California,United States,22,3rd Place,3,PERCENTAGE,,11
21,Carlos PenaVega,Witney Carson,Actor/Actress,Missouri,United States,26,Eliminated Week 11,4,PERCENTAGE,11,11
21,Tamar Braxton,Valentin Chmerkovskiy,Singer/Rapper,Maryland,United States,38,Withdrew,5,PERCENTAGE,,9
21,Alexa PenaVega,Mark Ballas,Actor/Actress,Florida,United States,27,Eliminated Week 9,6,PERCENTAGE,9,9
21,Andy Grammer,Allison Holker,Singer/Rapper,California,United States,31,Eliminated Week 8,7,PERCENTAGE,8,8
21,Hayes Grier,Emma Slater,Social Media Personality,North Carolina,United States,15,Eliminated Week 7,8,PERCENTAGE,7,7
21,Paula Deen,Louis van Amstel,TV Personality,Georgia,United States,68,Eliminated Week 6,9,PERCENTAGE,6,6
21,Gary Busey,Anna Trebunskaya,Actor/Actress,Texas,United States,71,Eliminated Week 4,10,PERCENTAGE,4,4
21,Kim Zolciak-Biermann,Tony Dovolani,TV Personality,Florida,United States,37,Withdrew,11,PERCENTAGE,,2
21,Victor Espinoza,Karina Smirnoff,Athlete,,Mexico,43,Eliminated Week 2,12,PERCENTAGE,2,2
21,Chaka Khan,Keo Motsepe,Singer/Rapper,Illinois,United States,62,Eliminated Week 2,13,PERCENTAGE,2,2
22,Nyle DiMarco,Peta Murgatroyd,Model,New York,United States,26,1st Place,1,PERCENTAGE,,10
22,Paige VanZant,Mark Ballas,Athlete,Oregon,United States,22,2nd Place,2,PERCENTAGE,,10
22,Ginger Zee,Valentin Chmerkovskiy,News Anchor,California,United States,35,3rd Place,3,PERCENTAGE,,10
22,Wanya Morris,Lindsay Arnold,Singer/Rapper,Pennsylvania,United States,42,Eliminated Week 9,4,PERCENTAGE,9,9
22,Antonio Brown,Sharna Burgess,Athlete,Florida,United States,27,Eliminated Week 9,5,PERCENTAGE,9,9
22,Jodie Sweetin,Keo Motsepe,Actor/Actress,California,United States,34,Eliminated Week 8,6,PERCENTAGE,8,8
22,Von Miller,Witney Carson,Athlete,Texas,United States,27,Eliminated Week 7,7,PERCENTAGE,7,7
22,Kim Fields,Sasha Farber,Actor/Actress,New York,United States,46,Eliminated Week 7,8,PERCENTAGE,7,7
22,Doug Flutie,Karina Smirnoff,Athlete,Maryland,United States,53,Eliminated Week 6,9,PERCENTAGE,6,6
22,Marla Maples,Tony Dovolani,TV Personality,Georgia,United States,52,Eliminated Week 4,10,PERCENTAGE,4,4
22,Mischa Barton,Artem Chigvintsev,Actor/Actress,,England,30,Eliminated Week 3,11,PERCENTAGE,3,3
22,Geraldo Rivera,Edyta Sliwinska,Journalist,New York,United States,72,Eliminated Week 2,12,PERCENTAGE,2,2
23,Laurie Hernandez,Valentin Chmerkovskiy,Athlete,New Jersey,United States,16,1st Place,1,PERCENTAGE,,11
23,James Hinchcliffe,Sharna Burgess,Racing Driver,,Canada,29,2nd Place,2,PERCENTAGE,,11
23,Calvin Johnson Jr.,Lindsay Arnold,Athlete,Georgia,United States,30,3rd Place,3,PERCENTAGE,,11
23,Jana Kramer,Gleb Savchenko,Singer/Rapper,Michigan,United States,32,Eliminated Week 11,4,PERCENTAGE,11,11
23,Terra Jole,Sasha Farber,TV Personality,Texas,United States,36,Eliminated Week 10,5,PERCENTAGE,10,10
23,Marilu Henner,Derek Hough,Actor/Actress,Illinois,United States,64,Eliminated Week 9,6,PERCENTAGE,9,9
23,Ryan Lochte,Cheryl Burke,Athlete,New York,United States,32,Eliminated Week 8,7,PERCENTAGE,8,8
23,Maureen McCormick,Artem Chigvintsev,Actor/Actress,California,United States,60,Eliminated Week 7,8,PERCENTAGE,7,7
23,Amber Rose,Maksim Chmerkoskiy,Model,Pennsylvania,United States,32,Eliminated Week 6,9,PERCENTAGE,6,6
23,Vanilla Ice,Witney Carson,Singer/Rapper,Texas,United States,48,Eliminated Week 4,10,PERCENTAGE,4,4
23,Babyface,Allison Holker,Singer/Rapper,Indiana,United States,57,Eliminated Week 4,11,PERCENTAGE,4,4
23,Rick Perry,Emma Slater,Politician,Texas,United States,66,Eliminated Week 3,12,PERCENTAGE,3,3
23,Jake T. Austin,Jenna Johnson,Actor/Actress,New York,United States,21,Eliminated Week 2,13,PERCENTAGE,2,2
24,Rashad Jennings,Emma Slater,Athlete,Virginia,United States,32,1st Place,1,PERCENTAGE,,10
24,David Ross,Lindsay Arnold,Athlete,Georgia,United States,40,2nd Place,2,PERCENTAGE,,10
24,Normani,Valentin Chmerkovskiy,Singer/Rapper,Georgia,United States,20,3rd Place,3,PERCENTAGE,,10
24,Simone Biles,Sasha Farber,Athlete,Ohio,United States,20,Eliminated Week 9,4,PERCENTAGE,9,9
24,Bonner Bolton,Sharna Burgess,Athlete,Texas,United States,29,Eliminated Week 8,5,PERCENTAGE,8,8
24,Nick Viall,Peta Murgatroyd,TV Personality,Wisconsin,United States,36,Eliminated Week 7,6,PERCENTAGE,7,7
24,Nancy Kerrigan,Artem Chigvintsev,Athlete,Massachusetts,United States,47,Eliminated Week 7,7,PERCENTAGE,7,7
24,Heather Morris,Maksim Chmerkoskiy,Actor/Actress,California,United States,30,Eliminated Week 6,8,PERCENTAGE,6,6
24,Erika Jayne,Gleb Savchenko,Singer/Rapper,Georgia,United States,45,Eliminated Week 5,9,PERCENTAGE,5,5
24,Mr. T,Kym Herjavec,Actor/Actress,Illinois,United States,64,Eliminated Week 4,10,PERCENTAGE,4,4
24,Charo,Keo Motsepe,Actor/Actress,,Spain,66,Eliminated Week 3,11,PERCENTAGE,3,3
24,Chris Kattan,Witney Carson,Comedian,California,United States,46,Eliminated Week 2,12,PERCENTAGE,2,2
25,Jordan Fisher,Lindsay Arnold,Actor/Actress,Alabama,United States,23,1st Place,1,PERCENTAGE,,10
25,Lindsey Stirling,Mark Ballas,Musician,California,United States,31,2nd Place,2,PERCENTAGE,,10
25,Frankie Muniz,Witney Carson,Actor/Actress,New Jersey,United States,31,3rd Place,3,PERCENTAGE,,10
25,Drew Scott,Emma Slater,TV Personality,,Canada,39,Eliminated Week 10,4,PERCENTAGE,10,10
25,Victoria Arlen,Valentin Chmerkovskiy,Athlete,New Hamshire,United States,22,Eliminated Week 9,5,PERCENTAGE,9,9
25,Terrell Owens,Cheryl Burke,Athlete,Alabama,United States,43,Eliminated Week 8,6,PERCENTAGE,8,8
25,Vanessa Lachey,Maksim Chmerkoskiy,TV Personality,,Philippines,36,Eliminated Week 7,7,PERCENTAGE,7,7
25,Nikki Bella,Artem Chigvintsev,Athlete,California,United States,33,Eliminated Week 7,8,PERCENTAGE,7,7
25,Nick Lachey,Peta Murgatroyd,Singer/Rapper,Kentucky,United States,43,Eliminated Week 6,9,PERCENTAGE,6,6
25,Sasha Pieterse,Gleb Savchenko,Actor/Actress,,South Africa,21,Eliminated Week 5,10,PERCENTAGE,5,5
25,Derek Fisher,Sharna Burgess,Athlete,Arkansas,United States,43,Eliminated Week 4,11,PERCENTAGE,4,4
25,Debbie Gibson,Alan Bersten,Singer/Rapper,New York,United States,47,Eliminated Week 2,12,PERCENTAGE,2,2
25,Barbara Corcoran,Keo Motsepe,Entrepreneur,New Jersey,United States,68,Eliminated Week 2,13,PERCENTAGE,2,2
26,Adam Rippon,Jenna Johnson,Athlete,Pennsylvania,United States,28,1st Place,1,PERCENTAGE,,4
26,Josh Norman,Sharna Burgess,Athlete,South Carolina,United States,30,2nd Place,2,PERCENTAGE,,4
26,Tonya Harding,Sasha Farber,Athlete,Oregon,United States,47,3rd Place,3,PERCENTAGE,,4
26,Mirai Nagasu,Alan Bersten,Athlete,California,United States,25,Eliminated Week 3,4,PERCENTAGE,3,3
26,Chris Mazdzer,Witney Carson,Athlete,Massachusetts,United States,29,Eliminated Week 3,5,PERCENTAGE,3,3
26,Jennie Finch Daigle,Keo Motsepe,Athlete,California,United States,37,Eliminated Week 3,6,PERCENTAGE,3,3
26,Arike Ogunbowale,Gleb Savchenko,Athlete,Wisconsin,United States,21,Eliminated Week 2,7,PERCENTAGE,2,2
26,Kareem Abdul-Jabbar,Lindsay Arnold,Athlete,New York,United States,71,Eliminated Week 2,8,PERCENTAGE,2,2
26,Johnny Damon,Emma Slater,Athlete,Kansas,United States,44,Eliminated Week 1,9,PERCENTAGE,1,1
26,Jamie Anderson,Artem Chigvintsev,Athlete,California,United States,27,Eliminated Week 1,10,PERCENTAGE,1,1
27,Bobby Bones,Sharna Burgess,Radio Personality,Arkansas,United States,38,1st Place,1,PERCENTAGE,,9
27,Milo Manheim,Witney Carson,Actor/Actress,California,United States,17,2nd Place,2,PERCENTAGE,,9
27,Evanna Lynch,Keo Motsepe,Actor/Actress,,Ireland,27,3rd Place,3,PERCENTAGE,,9
27,Alexis Ren,Alan Bersten,Social Media Personality,California,United States,21,4th Place,4,PERCENTAGE,,9
27,Juan Pablo Di Pace,Cheryl Burke,Actor/Actress,,Argentina,39,Eliminated Week 8,5,PERCENTAGE,8,8
27,Joe Amabile,Jenna Johnson,TV Personality,Illinois,United States,32,Eliminated Week 8,6,PERCENTAGE,8,8
27,DeMarcus Ware,Lindsay Arnold,Athlete,Alabama,United States,36,Eliminated Week 7,7,PERCENTAGE,7,7
27,John Schneider,Emma Slater,Actor/Actress,New York,United States,58,Eliminated Week 7,8,PERCENTAGE,7,7
27,Mary Lou Retton,Sasha Farber,Athlete,West Virginia,United States,50,Eliminated Week 6,9,PERCENTAGE,6,6
27,Tinashe,Brandon Armstrong,Singer/Rapper,Kentucky,United States,25,Eliminated Week 4,10,PERCENTAGE,4,4
27,Nancy McKeon,Valentin Chmerkovskiy,Actor/Actress,New York,United States,52,Eliminated Week 3,11,PERCENTAGE,3,3
27,Danelle Umstead,Artem Chigvintsev,Athlete,New Mexico,United States,46,Eliminated Week 2,12,PERCENTAGE,2,2
27,Nikki Glaser,Gleb Savchenko,Comedian,Ohio,United States,34,Eliminated Week 1,13,PERCENTAGE,1,1
28,Hannah Brown,Alan Bersten,TV Personality,Alabama,United States,24,1st Place,1,RANK_WITH_SAVE,,11
28,Kel Mitchell,Witney Carson,Actor/Actress,Illinois,United States,41,2nd Place,2,RANK_WITH_SAVE,,11
28,Ally Brooke,Sasha Farber,Singer/Rapper,Texas,United States,26,3rd Place,3,RANK_WITH_SAVE,,11
28,Lauren Alaina,Gleb Savchenko,Singer/Rapper,Georgia,United States,24,4th Place,4,RANK_WITH_SAVE,,11
28,James Van Der Beek,Emma Slater,Actor/Actress,Connecticut,United States,42,Eliminated Week 10,5,RANK_WITH_SAVE,10,10
28,Sean Spicer,Lindsay Arnold,Politician,New York,United States,48,Eliminated Week 9,6,RANK_WITH_SAVE,9,9
28,Kate Flannery,Pasha Pashkov,Actor/Actress,Pennsylvania,United States,55,Eliminated Week 8,7,RANK_WITH_SAVE,8,8
28,Karamo Brown,Jenna Johnson,TV Personality,Texas,United States,38,Eliminated Week 7,8,RANK_WITH_SAVE,7,7
28,Sailor Brinkley-Cook,Valentin Chmerkovskiy,Model,New York,United States,21,Eliminated Week 6,9,RANK_WITH_SAVE,6,6
28,Lamar Odom,Peta Murgatroyd,Athlete,New York,United States,39,Eliminated Week 4,10,RANK_WITH_SAVE,4,4
28,Ray Lewis,Cheryl Burke,Athlete,Florida,United States,44,Withdrew,11,RANK_WITH_SAVE,,2
28,Mary Wilson,Brandon Armstrong,Singer/Rapper,Nevada,United States,75,Eliminated Week 2,12,RANK_WITH_SAVE,2,2
29,Kaitlyn Bristowe,Artem Chigvintsev,TV Personality,,Canada,35,1st Place,1,RANK_WITH_SAVE,,11
29,Nev Schulman,Jenna Johnson,Producer,New York,United States,35,2nd Place,2,RANK_WITH_SAVE,,11
29,Nelly,Daniella Karagach,Singer/Rapper,Texas,United States,45,3rd Place,3,RANK_WITH_SAVE,,11
29,Justina Machado,Sasha Farber,Actor/Actress,Illinois,United States,48,4th Place,4,RANK_WITH_SAVE,,11
29,Skai Jackson,Alan Bersten,Actor/Actress,New York,United States,18,Eliminated Week 10,5,RANK_WITH_SAVE,10,10
29,Johnny Weir,Britt Stewart,Athlete,Pennsylvania,United States,36,Eliminated Week 10,6,RANK_WITH_SAVE,10,10
29,AJ McLean,Cheryl Burke,Singer/Rapper,Florida,United States,42,Eliminated Week 9,7,RANK_WITH_SAVE,9,9
29,Chrishell Stause,Gleb Savchenko,Actor/Actress,Kentucky,United States,39,Eliminated Week 8,8,RANK_WITH_SAVE,8,8
29,Jeannie Mai,Brandon Armstrong,TV Personality,California,United States,41,Withdrew,9,RANK_WITH_SAVE,,7
29,Monica Aldama,Valentin Chmerkovskiy,TV Personality,Alabama,United States,48,Eliminated Week 7,10,RANK_WITH_SAVE,7,7
29,Veron Davis,Peta Murgatroyd,Athlete,Washington D.C.,United States,36,Eliminated Week 6,11,RANK_WITH_SAVE,6,6
29,Jesse Metcalfe,Sharna Burgess,Actor/Actress,California,United States,41,Eliminated Week 5,12,RANK_WITH_SAVE,5,5
29,Anne Heche,Keo Motsepe,Actor/Actress,Ohio,United States,51,Eliminated Week 4,13,RANK_WITH_SAVE,4,4
29,Carole Baskin,Pasha Pashkov,TV Personality,Texas,United States,59,Eliminated Week 3,14,RANK_WITH_SAVE,3,3
29,Charles Oakley,Emma Slater,Athlete,Ohio,United States,56,Eliminated Week 2,15,RANK_WITH_SAVE,2,2
30,Iman Shumpert,Daniella Karagach,Athlete,Illinois,United States,31,1st Place,1,RANK_WITH_SAVE,,10
30,JoJo Siwa,Jenna Johnson,Social Media Personality,Nebraska,United States,18,2nd Place,2,RANK_WITH_SAVE,,10
30,Cody Rigsby,Cheryl Burke,Fitness Instructor,California,United States,34,3rd Place,3,RANK_WITH_SAVE,,10
30,Amanda Kloots,Alan Bersten,TV Personality,Ohio,United States,39,4th Place,4,RANK_WITH_SAVE,,10
30,Suni Lee,Sasha Farber,Athlete,Minnesota,United States,18,Eliminated Week 9,5,RANK_WITH_SAVE,9,9
30,Melora Hardin,Artem Chigvintsev,Actor/Actress,Texas,United States,54,Eliminated Week 9,6,RANK_WITH_SAVE,9,9
30,Jimmie Allen,Emma Slater,Singer/Rapper,Delaware,United States,36,Eliminated Week 8,7,RANK_WITH_SAVE,8,8
30,Olivia Jade,Valentin Chmerkovskiy,Social Media Personality,California,United States,21,Eliminated Week 8,8,RANK_WITH_SAVE,8,8
30,"Mike ""The Miz"" Mizanin",Witney Carson,Athlete,Ohio,United States,40,Eliminated Week 7,9,RANK_WITH_SAVE,7,7
30,Kenya Moore,Brandon Armstrong,TV Personality,Michigan,United States,50,Eliminated Week 6,10,RANK_WITH_SAVE,6,6
30,Melanie C,Gleb Savchenko,Singer/Rapper,,England,47,Eliminated Week 5,11,RANK_WITH_SAVE,5,5
30,Matt James,Lindsay Arnold,Athlete,North Carolina,United States,29,Eliminated Week 4,12,RANK_WITH_SAVE,4,4
30,Brian Austin Green,Sharna Burgess,Actor/Actress,California,United States,48,Eliminated Week 4,13,RANK_WITH_SAVE,4,4
30,Christine Chiu,Pasha Pashkov,TV Personality,,Taiwan China,38,Eliminated Week 3,14,RANK_WITH_SAVE,3,3
30,Martin Kove,Britt Stewart,Actor/Actress,New York,United States,75,Eliminated Week 2,15,RANK_WITH_SAVE,2,2
31,Charli D'Amelio,Mark Ballas,Social Media Personality,Connecticut,United States,18,1st Place,1,RANK_WITH_SAVE,,10
31,Gabby Windey,Valentin Chmerkovskiy,TV Personality,Illinois,United States,31,2nd Place,2,RANK_WITH_SAVE,,10
31,Wayne Brady,Witney Carson,Comedian,Georgia,United States,50,3rd Place,3,RANK_WITH_SAVE,,10
31,Shangela,Gleb Savchenko,TV Personality,Texas,United States,40,4th Place,4,RANK_WITH_SAVE,,10
31,Daniel Durant,Britt Stewart,Actor/Actress,Michigan,United States,32,Eliminated Week 9,5,RANK_WITH_SAVE,9,9
31,Trevor Donovan,Emma Slater,Actor/Actress,California,United States,39,Eliminated Week 9,6,RANK_WITH_SAVE,9,9
31,Vinny Guadagnino,Koko Iwasaki,TV Personality,New York,United States,34,Eliminated Week 8,7,RANK_WITH_SAVE,8,8
31,Heidi D'Amelio,Artem Chigvintsev,Social Media Personality,Louisiana,United States,50,Eliminated Week 8,8,RANK_WITH_SAVE,8,8
31,Jordin Sparks,Brandon Armstrong,Singer/Rapper,Arizona,United States,32,Eliminated Week 7,9,RANK_WITH_SAVE,7,7
31,Jessie James Decker,Alan Bersten,Singer/Rapper,,Italy,34,Eliminated Week 6,10,RANK_WITH_SAVE,6,6
31,Joseph Baena,Daniella Karagach,Actor/Actress,California,United States,24,Eliminated Week 5,11,RANK_WITH_SAVE,5,5
31,Selma Blair,Sasha Farber,Actor/Actress,Michigan,United States,50,Withdrew,12,RANK_WITH_SAVE,,5
31,Sam Champion,Cheryl Burke,News Anchor,Kentucky,United States,61,Eliminated Week 4,13,RANK_WITH_SAVE,4,4
31,Cheryl Ladd,Louis van Amstel,Actor/Actress,South Dakota,United States,71,Eliminated Week 3,14,RANK_WITH_SAVE,3,3
31,Teresa Giudice,Pasha Pashkov,TV Personality,New Jersey,United States,50,Eliminated Week 2,15,RANK_WITH_SAVE,2,2
31,Jason Lewis,Peta Murgatroyd,Actor/Actress,California,United States,51,Eliminated Week 1,16,RANK_WITH_SAVE,1,1
32,Xochitl Gomez,Valentin Chmerkovskiy,Actor/Actress,California,United States,17,1st Place,1,RANK_WITH_SAVE,,11
32,Jason Mraz,Daniella Karagach,Singer/Rapper,Virginia,United States,46,2nd Place,2,RANK_WITH_SAVE,,11
32,Ariana Madix,Pasha Pashkov,TV Personality,Florida,United States,38,3rd Place,3,RANK_WITH_SAVE,,11
32,Charity Lawson,Artem Chigvintsev,TV Personality,Georgia,United States,27,4th Place,4,RANK_WITH_SAVE,,11
32,Alyson Hannigan,Sasha Farber,Actor/Actress,Washington D.C.,United States,49,5th Place,5,RANK_WITH_SAVE,,11
32,Harry Jowsey,Rylee Arnold,TV Personality,,Australia,26,Eliminated Week 9,6,RANK_WITH_SAVE,9,9
32,Barry Williams,Peta Murgatroyd,Actor/Actress,California,United States,68,Eliminated Week 8,7,RANK_WITH_SAVE,8,8
32,Lele Pons,Brandon Armstrong,Social Media Personality,,Venezuela,27,Eliminated Week 7,8,RANK_WITH_SAVE,7,7
32,Mauricio Umansky,Emma Slater,TV Personality,,Mexico,53,Eliminated Week 6,9,RANK_WITH_SAVE,6,6
32,Mira Sorvino,Gleb Savchenko,Actor/Actress,New York,United States,55,Eliminated Week 5,10,RANK_WITH_SAVE,5,5
32,Adrian Peterson,Britt Stewart,Athlete,Texas,United States,38,Eliminated Week 4,11,RANK_WITH_SAVE,4,4
32,Tyson Beckford,Jenna Johnson,Model,New York,United States,52,Eliminated Week 3,12,RANK_WITH_SAVE,3,3
32,Jamie Lynn Spears,Alan Bersten,Actor/Actress,Mississippi,United States,32,Eliminated Week 2,13,RANK_WITH_SAVE,2,2
32,Matt Walsh,Koko Iwasaki,Comedian,Illinois,United States,58,Eliminated Week 1,14,RANK_WITH_SAVE,1,1
33,Joey Graziadei,Jenna Johnson,TV Personality,Louisiana,United States,29,1st Place,1,RANK_WITH_SAVE,,9
33,Ilona Maher,Alan Bersten,Athlete,California,United States,28,2nd Place,2,RANK_WITH_SAVE,,9
33,Chandler Kinney,Brandon Armstrong,Actor/Actress,California,United States,24,3rd Place,3,RANK_WITH_SAVE,,9
33,Stephen Nedoroscik,Rylee Arnold,Athlete,Florida,United States,26,4th Place,4,RANK_WITH_SAVE,,9
33,Danny Amendola,Witney Carson,Athlete,Texas,United States,39,5th Place,5,RANK_WITH_SAVE,,9
33,Dwight Howard,Daniella Karagach,Athlete,Georgia,United States,38,Eliminated Week 7,6,RANK_WITH_SAVE,7,7
33,Jenn Tran,Sasha Farber,TV Personality,Florida,United States,26,Eliminated Week 6,7,RANK_WITH_SAVE,6,6
33,Phaedra Parks,Val Chmerkovskiy,TV Personality,Georgia,United States,51,Eliminated Week 5,8,RANK_WITH_SAVE,5,5
33,Brooks Nader,Gleb Savchenko,Model,New York,United States,27,Eliminated Week 4,9,RANK_WITH_SAVE,4,4
33,Eric Roberts,Britt Stewart,Actor/Actress,California,United States,68,Eliminated Week 3,10,RANK_WITH_SAVE,3,3
33,Reginald VelJohnson,Emma Slater,Actor/Actress,New York,United States,74,Eliminated Week 3,10,RANK_WITH_SAVE,3,3
33,Tori Spelling,Pasha Pashkov,Actor/Actress,California,United States,51,Eliminated Week 2,12,RANK_WITH_SAVE,2,2
33,Anna Delvey,Ezra Sosa,Con artist,,Russia,33,Eliminated Week 2,12,RANK_WITH_SAVE,2,2
34,Robert Irwin,Witney Carson (Xoshitl Gomez week 9),Conservationist,,Australia,22,1st Place,1,RANK_WITH_SAVE,,11
34,Alix Earle,Val Chmerkovskiy (Joey Graziadei week 9),Social media personality,Florida,United States,24,2nd Place,2,RANK_WITH_SAVE,,11
34,Jordan Chiles,Ezra Sosa (Apolo Anton Ohno week 9),Athlete,Texas,United States,24,3rd Place,3,RANK_WITH_SAVE,,11
34,Dylan Efron,Daniella Karagach (Rumer Willis week 9),TV Personality,California,United States,33,4th Place,4,RANK_WITH_SAVE,,11
34,Elaine Hendrix,Alan Bersten (Rashad Jennings week 9),Actor/Actress,Georgia,United States,55,5th Place,5,RANK_WITH_SAVE,,11
34,Whitney Leavitt,Mark Ballas,TV Personality,Utah,United States,32,Eliminated Week 10,6,RANK_WITH_SAVE,10,10
34,Andy Richter,Emma Slater/Kaitlyn Bristowe (week 9),Comedian,California,United States,59,Eliminated Week 9,7,RANK_WITH_SAVE,9,9
34,Danielle Fishel,Pasha Pashkov,Actor/Actress,California,United States,44,Eliminated Week 8,8,RANK_WITH_SAVE,8,8
34,Jen Affleck,Jan Ravnik,TV Personality,Utah,United States,26,Eliminated Week 7,9,RANK_WITH_SAVE,7,7
34,Scott Hoying,Rylee Arnold,Singer/Rapper,California,United States,34,Eliminated Week 6,10,RANK_WITH_SAVE,6,6
34,Hilaria Baldwin,Gleb Savchenko,Entrepreneur,New York,United States,41,Eliminated Week 4,11,RANK_WITH_SAVE,4,4
34,Lauren Jauregui,Brandon Armstrong,Singer/Rapper,Florida,United States,29,Eliminated Week 3,12,RANK_WITH_SAVE,3,3
34,Corey Feldman,Jenna Johnson,Actor/Actress,California,United States,54,Eliminated Week 2,13,RANK_WITH_SAVE,2,2
34,Baron Davis,Britt Stewart,Athlete,California,United States,46,Eliminated Week 2,13,RANK_WITH_SAVE,2,2
