season,week,name,zscore
1,1,John O'Hurley,0.7399
1,1,Rachel Hunter,0.7399
1,1,Joey McIntyre,0.7399
1,1,Evander Holyfield,-0.0673
1,1,Trista Sutter,-0.0673
1,1,Kelly Monaco,-2.0853
1,2,John O'Hurley,1.4373
1,2,Rachel Hunter,0.9445
1,2,Joey McIntyre,0.2053
1,2,Trista Sutter,-0.2875
1,2,Kelly Monaco,-0.7802
1,2,Evander Holyfield,-1.5194
1,3,Rachel Hunter,1.0798
1,3,John O'Hurley,0.6299
1,3,Joey McIntyre,0.18
1,3,Kelly Monaco,-0.045
1,3,Evander Holyfield,-1.8447
1,4,Kelly Monaco,1.1767
1,4,Rachel Hunter,0.7845
1,4,John O'Hurley,-0.7845
1,4,Joey McIntyre,-1.1767
1,5,John O'Hurley,1.3822
1,5,Kelly Monaco,-0.4319
1,5,Joey McIntyre,-0.9503
1,6,Kelly Monaco,1.0
1,6,John O'Hurley,-1.0
2,1,Drew Lachey,1.1448
2,1,Tatum O'Neal,0.8904
2,1,Giselle Fernandez,0.8904
2,1,Stacy Keibler,0.636
2,1,Jerry Rice,0.3816
2,1,Tia Carrere,0.1272
2,1,Lisa Rinna,-0.1272
2,1,George Hamilton,-0.3816
2,1,Kenny Mayne,-1.6537
2,1,Master P,-1.9081
2,2,Stacy Keibler,1.6971
2,2,Drew Lachey,1.1963
2,2,Giselle Fernandez,0.4451
2,2,Jerry Rice,0.1947
2,2,Tia Carrere,-0.0556
2,2,George Hamilton,-0.0556
2,2,Lisa Rinna,-0.5564
2,2,Tatum O'Neal,-1.3076
2,2,Master P,-1.558
2,3,Stacy Keibler,1.0035
2,3,Drew Lachey,1.0035
2,3,Tia Carrere,0.7674
2,3,Lisa Rinna,0.5313
2,3,George Hamilton,-0.1771
2,3,Giselle Fernandez,-0.1771
2,3,Jerry Rice,-0.8854
2,3,Master P,-2.066
2,4,Drew Lachey,0.865
2,4,Lisa Rinna,0.5463
2,4,Stacy Keibler,0.5463
2,4,Tia Carrere,0.387
2,4,Jerry Rice,0.2276
2,4,George Hamilton,-0.2504
2,4,Master P,-2.3218
2,5,Stacy Keibler,1.809
2,5,Drew Lachey,0.6862
2,5,Lisa Rinna,-0.0624
2,5,George Hamilton,-0.4366
2,5,Jerry Rice,-0.8109
2,5,Tia Carrere,-1.1852
2,6,Stacy Keibler,1.0839
2,6,Drew Lachey,1.0839
2,6,Lisa Rinna,0.1275
2,6,George Hamilton,-1.1476
2,6,Jerry Rice,-1.1476
2,7,Stacy Keibler,0.686
2,7,Drew Lachey,0.686
2,7,Lisa Rinna,0.343
2,7,Jerry Rice,-1.715
2,8,Drew Lachey,0.8627
2,8,Stacy Keibler,0.5392
2,8,Jerry Rice,-1.4018
3,1,Mario Lopez,1.6906
3,1,Emmitt Smith,1.188
3,1,Vivica A. Fox,0.6854
3,1,Willa Ford,0.6854
3,1,Joey Lawrence,0.4341
3,1,Monique Coleman,-0.0685
3,1,Shanna Moakler,-0.3198
3,1,Harry Hamlin,-0.5711
3,1,Jerry Springer,-0.8224
3,1,Sara Evans,-1.0737
3,1,Tucker Carlson,-1.8276
3,2,Joey Lawrence,2.1764
3,2,Monique Coleman,1.0882
3,2,Vivica A. Fox,0.3627
3,2,Emmitt Smith,0.3627
3,2,Willa Ford,0.0
3,2,Shanna Moakler,-0.3627
3,2,Harry Hamlin,-0.7255
3,2,Mario Lopez,-0.7255
3,2,Sara Evans,-0.7255
3,2,Jerry Springer,-1.451
3,3,Vivica A. Fox,1.5492
3,3,Monique Coleman,1.5492
3,3,Sara Evans,0.7746
3,3,Harry Hamlin,-0.3873
3,3,Joey Lawrence,-0.3873
3,3,Mario Lopez,-0.3873
3,3,Willa Ford,-0.3873
3,3,Jerry Springer,-0.7746
3,3,Emmitt Smith,-1.5492
3,4,Mario Lopez,1.4853
3,4,Willa Ford,1.1358
3,4,Joey Lawrence,0.7863
3,4,Vivica A. Fox,-0.2621
3,4,Monique Coleman,-0.2621
3,4,Emmitt Smith,-0.2621
3,4,Jerry Springer,-0.9611
3,4,Sara Evans,-1.66
3,5,Monique Coleman,0.8433
3,5,Mario Lopez,0.8433
3,5,Emmitt Smith,0.8433
3,5,Willa Ford,0.8433
3,5,Joey Lawrence,-0.6325
3,5,Sara Evans,-1.3703
3,5,Jerry Springer,-1.3703
3,6,Mario Lopez,1.3489
3,6,Emmitt Smith,0.4292
3,6,Joey Lawrence,0.1226
3,6,Monique Coleman,-0.1839
3,6,Jerry Springer,-1.7168
3,7,Joey Lawrence,0.7234
3,7,Emmitt Smith,0.7234
3,7,Mario Lopez,0.4822
3,7,Monique Coleman,0.0
3,7,Jerry Springer,-1.929
3,8,Mario Lopez,1.6667
3,8,Joey Lawrence,-0.3333
3,8,Emmitt Smith,-0.3333
3,8,Monique Coleman,-1.0
3,9,Joey Lawrence,0.0
3,9,Mario Lopez,0.0
3,9,Emmitt Smith,0.0
3,10,Mario Lopez,0.0
3,10,Emmitt Smith,0.0
4,1,Joey Fatone,1.6366
4,1,Laila Ali,1.3262
4,1,Ian Ziering,0.7054
4,1,Apolo Anton Ohno,0.7054
4,1,Shandi Finnessey,0.0846
4,1,Paulina Porizkova,0.0846
4,1,Heather Mills,-0.2257
4,1,John Ratzenberger,-0.5361
4,1,Clyde Drexler,-0.8465
4,1,Leeza Gibbons,-1.1569
4,1,Billy Ray Cyrus,-1.7776
4,2,Laila Ali,1.8454
4,2,Apolo Anton Ohno,1.455
4,2,Heather Mills,0.6743
4,2,Joey Fatone,0.6743
4,2,Ian Ziering,-0.1065
4,2,John Ratzenberger,-0.4968
4,2,Paulina Porizkova,-0.4968
4,2,Billy Ray Cyrus,-0.4968
4,2,Leeza Gibbons,-0.4968
4,2,Shandi Finnessey,-0.8872
4,2,Clyde Drexler,-1.668
4,3,Ian Ziering,0.9012
4,3,Heather Mills,0.9012
4,3,Joey Fatone,0.9012
4,3,Leeza Gibbons,0.9012
4,3,Apolo Anton Ohno,0.4915
4,3,Laila Ali,-0.3277
4,3,Shandi Finnessey,-0.3277
4,3,Billy Ray Cyrus,-0.3277
4,3,John Ratzenberger,-0.7373
4,3,Clyde Drexler,-2.3758
4,4,Joey Fatone,1.5718
4,4,Apolo Anton Ohno,1.1154
4,4,Ian Ziering,0.6591
4,4,Heather Mills,0.431
4,4,Laila Ali,-0.0254
4,4,Billy Ray Cyrus,-0.0254
4,4,John Ratzenberger,-1.1661
4,4,Leeza Gibbons,-1.1661
4,4,Clyde Drexler,-1.3943
4,5,Apolo Anton Ohno,1.4729
4,5,Laila Ali,1.1047
4,5,Joey Fatone,0.5523
4,5,Ian Ziering,0.3682
4,5,Heather Mills,-0.1841
4,5,John Ratzenberger,-0.7365
4,5,Billy Ray Cyrus,-0.9206
4,5,Clyde Drexler,-1.657
4,6,Laila Ali,1.1315
4,6,Apolo Anton Ohno,1.1315
4,6,Joey Fatone,0.8269
4,6,Ian Ziering,-0.087
4,6,Heather Mills,-0.3917
4,6,Billy Ray Cyrus,-1.0009
4,6,John Ratzenberger,-1.6102
4,7,Laila Ali,0.9827
4,7,Joey Fatone,0.9827
4,7,Ian Ziering,0.3276
4,7,Apolo Anton Ohno,0.3276
4,7,John Ratzenberger,-0.8517
4,7,Billy Ray Cyrus,-1.7688
4,8,Apolo Anton Ohno,1.1013
4,8,Joey Fatone,0.6777
4,8,Laila Ali,0.3953
4,8,Ian Ziering,-0.4518
4,8,Billy Ray Cyrus,-1.7226
4,9,Laila Ali,0.9045
4,9,Joey Fatone,0.9045
4,9,Apolo Anton Ohno,-0.3015
4,9,Ian Ziering,-1.5076
4,10,Apolo Anton Ohno,1.3363
4,10,Joey Fatone,-0.2673
4,10,Laila Ali,-1.069
5,1,Sabrina Bryan,1.6297
5,1,Helio Castroneves,1.2741
5,1,Jane Seymour,0.9185
5,1,Mel B,0.9185
5,1,Cameron Mathison,-0.1482
5,1,Jennie Garth,-0.1482
5,1,Albert Reed,-0.1482
5,1,Marie Osmond,-0.1482
5,1,Mark Cuban,-0.1482
5,1,Wayne Newton,-0.8593
5,1,Floyd Mayweather Jr.,-1.2148
5,1,Josie Maran,-1.926
5,2,Helio Castroneves,1.6621
5,2,Sabrina Bryan,1.3522
5,2,Marie Osmond,0.7325
5,2,Mel B,0.4226
5,2,Cameron Mathison,-0.1972
5,2,Jane Seymour,-0.1972
5,2,Jennie Garth,-0.1972
5,2,Floyd Mayweather Jr.,-0.1972
5,2,Albert Reed,-0.1972
5,2,Mark Cuban,-1.1269
5,2,Wayne Newton,-2.0565
5,3,Jane Seymour,0.9959
5,3,Sabrina Bryan,0.9959
5,3,Mel B,0.9959
5,3,Jennie Garth,0.6746
5,3,Marie Osmond,0.6746
5,3,Helio Castroneves,0.0321
5,3,Cameron Mathison,-0.2891
5,3,Floyd Mayweather Jr.,-0.9316
5,3,Mark Cuban,-1.2529
5,3,Wayne Newton,-1.8954
5,4,Sabrina Bryan,1.8091
5,4,Cameron Mathison,0.4523
5,4,Jennie Garth,0.4523
5,4,Helio Castroneves,0.4523
5,4,Jane Seymour,0.0
5,4,Mel B,0.0
5,4,Marie Osmond,0.0
5,4,Floyd Mayweather Jr.,-1.3568
5,4,Mark Cuban,-1.8091
5,5,Mel B,1.4714
5,5,Sabrina Bryan,1.1147
5,5,Cameron Mathison,0.4013
5,5,Jane Seymour,0.4013
5,5,Jennie Garth,0.0446
5,5,Helio Castroneves,-0.6688
5,5,Marie Osmond,-1.3822
5,5,Mark Cuban,-1.3822
5,6,Mel B,1.6465
5,6,Helio Castroneves,0.8781
5,6,Jennie Garth,0.4939
5,6,Cameron Mathison,-0.2744
5,6,Sabrina Bryan,-0.2744
5,6,Marie Osmond,-1.0428
5,6,Jane Seymour,-1.4269
5,7,Mel B,1.5492
5,7,Jennie Garth,0.7746
5,7,Helio Castroneves,0.0
5,7,Marie Osmond,0.0
5,7,Cameron Mathison,-0.7746
5,7,Jane Seymour,-1.5492
5,8,Helio Castroneves,1.3489
5,8,Mel B,1.0423
5,8,Cameron Mathison,-0.4905
5,8,Jennie Garth,-0.7971
5,8,Marie Osmond,-1.1037
5,9,Helio Castroneves,0.9045
5,9,Mel B,0.9045
5,9,Jennie Garth,-0.3015
5,9,Marie Osmond,-1.5076
5,10,Mel B,0.7743
5,10,Helio Castroneves,0.6377
5,10,Marie Osmond,-1.412
6,1,Kristi Yamaguchi,1.8245
6,1,Priscilla Presley,1.0136
6,1,Mario,1.0136
6,1,Marlee Matlin,0.473
6,1,Jason Taylor,0.473
6,1,Cristian de la Fuente,0.2027
6,1,Shannon Elizabeth,0.2027
6,1,Steve Guttenberg,-0.6082
6,1,Marissa Jaret Winokur,-0.6082
6,1,Penn Jillette,-1.1488
6,1,Monica Seles,-1.419
6,1,Adam Carolla,-1.419
6,2,Jason Taylor,1.3854
6,2,Kristi Yamaguchi,1.3854
6,2,Mario,1.1372
6,2,Marlee Matlin,0.641
6,2,Shannon Elizabeth,0.641
6,2,Priscilla Presley,-0.1034
6,2,Marissa Jaret Winokur,-0.1034
6,2,Cristian de la Fuente,-0.3515
6,2,Adam Carolla,-0.5996
6,2,Penn Jillette,-1.0959
6,2,Steve Guttenberg,-1.344
6,2,Monica Seles,-1.5921
6,3,Kristi Yamaguchi,1.6922
6,3,Priscilla Presley,1.2893
6,3,Cristian de la Fuente,0.8864
6,3,Shannon Elizabeth,0.4835
6,3,Jason Taylor,0.0806
6,3,Steve Guttenberg,-0.7252
6,3,Marlee Matlin,-0.7252
6,3,Adam Carolla,-0.7252
6,3,Mario,-0.7252
6,3,Marissa Jaret Winokur,-1.5311
6,4,Jason Taylor,1.2649
6,4,Kristi Yamaguchi,1.2649
6,4,Shannon Elizabeth,0.9487
6,4,Cristian de la Fuente,0.3162
6,4,Marlee Matlin,-0.3162
6,4,Marissa Jaret Winokur,-0.3162
6,4,Mario,-0.3162
6,4,Priscilla Presley,-0.9487
6,4,Adam Carolla,-1.8974
6,5,Kristi Yamaguchi,1.7008
6,5,Jason Taylor,0.9449
6,5,Mario,0.9449
6,5,Marissa Jaret Winokur,-0.189
6,5,Cristian de la Fuente,-0.5669
6,5,Shannon Elizabeth,-0.5669
6,5,Marlee Matlin,-0.9449
6,5,Priscilla Presley,-1.3229
6,6,Kristi Yamaguchi,1.5513
6,6,Mario,0.8273
6,6,Cristian de la Fuente,0.4654
6,6,Marissa Jaret Winokur,0.1034
6,6,Shannon Elizabeth,-0.6205
6,6,Jason Taylor,-0.6205
6,6,Marlee Matlin,-1.7064
6,7,Jason Taylor,1.2185
6,7,Kristi Yamaguchi,0.8704
6,7,Marissa Jaret Winokur,0.1741
6,7,Shannon Elizabeth,-0.1741
6,7,Mario,-0.1741
6,7,Cristian de la Fuente,-1.9149
6,8,Cristian de la Fuente,1.4897
6,8,Kristi Yamaguchi,0.6621
6,8,Mario,-0.1655
6,8,Jason Taylor,-0.5793
6,8,Marissa Jaret Winokur,-1.4069
6,9,Kristi Yamaguchi,1.069
6,9,Cristian de la Fuente,0.5345
6,9,Jason Taylor,0.0
6,9,Marissa Jaret Winokur,-1.6036
6,10,Kristi Yamaguchi,1.1112
6,10,Jason Taylor,0.202
6,10,Cristian de la Fuente,-1.3132
7,1,Brooke Burke,1.6796
7,1,Toni Braxton,1.0229
7,1,Warren Sapp,0.6946
7,1,Lance Bass,0.6946
7,1,Misty May-Treanor,0.5304
7,1,Cody Linley,0.3662
7,1,Maurice Greene,0.0379
7,1,Ted McGinley,-0.2905
7,1,Susan Lucci,-0.2905
7,1,Kim Kardashian,-0.2905
7,1,Rocco DiSpirito,-0.6188
7,1,Cloris Leachman,-1.1113
7,1,Jeffrey Ross,-2.4248
7,2,Warren Sapp,1.3308
7,2,Brooke Burke,1.3308
7,2,Toni Braxton,0.9904
7,2,Susan Lucci,0.3095
7,2,Cody Linley,0.3095
7,2,Misty May-Treanor,0.3095
7,2,Lance Bass,-0.0309
7,2,Maurice Greene,-0.3714
7,2,Kim Kardashian,-1.0523
7,2,Rocco DiSpirito,-1.3927
7,2,Cloris Leachman,-1.7332
7,3,Brooke Burke,1.8531
7,3,Warren Sapp,0.9091
7,3,Maurice Greene,0.5944
7,3,Toni Braxton,-0.035
7,3,Lance Bass,-0.035
7,3,Susan Lucci,-0.3496
7,3,Cody Linley,-0.3496
7,3,Rocco DiSpirito,-0.6643
7,3,Cloris Leachman,-1.923
7,4,Lance Bass,1.4033
7,4,Brooke Burke,1.4033
7,4,Susan Lucci,0.5885
7,4,Cody Linley,0.1811
7,4,Cloris Leachman,-0.2263
7,4,Warren Sapp,-0.2263
7,4,Toni Braxton,-0.2263
7,4,Maurice Greene,-1.0412
7,4,Rocco DiSpirito,-1.856
7,5,Brooke Burke,1.5018
7,5,Cody Linley,1.1771
7,5,Maurice Greene,0.8524
7,5,Warren Sapp,0.2029
7,5,Susan Lucci,-0.7712
7,5,Toni Braxton,-0.7712
7,5,Cloris Leachman,-1.0959
7,5,Lance Bass,-1.0959
7,6,Lance Bass,1.1137
7,6,Brooke Burke,0.8449
7,6,Warren Sapp,0.5761
7,6,Susan Lucci,0.0384
7,6,Cody Linley,0.0384
7,6,Maurice Greene,-0.4993
7,6,Cloris Leachman,-2.1123
7,7,Brooke Burke,1.9149
7,7,Maurice Greene,0.1741
7,7,Lance Bass,0.1741
7,7,Susan Lucci,-0.1741
7,7,Cody Linley,-0.8704
7,7,Warren Sapp,-1.2185
7,8,Brooke Burke,1.3484
7,8,Warren Sapp,1.0113
7,8,Lance Bass,-0.3371
7,8,Cody Linley,-1.0113
7,8,Maurice Greene,-1.0113
7,9,Lance Bass,1.6524
7,9,Warren Sapp,-0.306
7,9,Brooke Burke,-0.306
7,9,Cody Linley,-1.0404
7,10,Brooke Burke,1.4142
7,10,Warren Sapp,-0.7071
7,10,Lance Bass,-0.7071
8,1,Gilles Marini,1.613
8,1,Shawn Johnson,1.3091
8,1,Melissa Rycroft,1.3091
8,1,Lil' Kim,0.7013
8,1,Chuck Wicks,0.3974
8,1,David Alan Grier,0.0935
8,1,Denise Richards,-0.2104
8,1,Holly Madison,-0.2104
8,1,Belinda Carlisle,-0.5143
8,1,Steve-O,-0.5143
8,1,Lawrence Taylor,-0.8182
8,1,Ty Murray,-1.4259
8,1,Steve Wozniak,-1.7298
8,2,Gilles Marini,1.8236
8,2,Melissa Rycroft,1.5479
8,2,Shawn Johnson,0.9966
8,2,Lil' Kim,0.721
8,2,Denise Richards,0.1696
8,2,Lawrence Taylor,-0.106
8,2,Ty Murray,-0.106
8,2,Chuck Wicks,-0.106
8,2,Belinda Carlisle,-0.6573
8,2,Holly Madison,-0.6573
8,2,David Alan Grier,-0.933
8,2,Steve Wozniak,-0.933
8,2,Steve-O,-1.76
8,3,Gilles Marini,1.0964
8,3,Shawn Johnson,1.0964
8,3,Melissa Rycroft,1.0964
8,3,Lil' Kim,0.7205
8,3,David Alan Grier,0.5326
8,3,Ty Murray,0.3446
8,3,Chuck Wicks,0.3446
8,3,Lawrence Taylor,-0.2193
8,3,Holly Madison,-0.7832
8,3,Denise Richards,-0.9711
8,3,Steve-O,-1.1591
8,3,Steve Wozniak,-2.0989
8,4,Gilles Marini,1.4182
8,4,Melissa Rycroft,1.241
8,4,Lil' Kim,0.8864
8,4,Ty Murray,0.5318
8,4,Shawn Johnson,0.5318
8,4,David Alan Grier,0.0
8,4,Chuck Wicks,0.0
8,4,Lawrence Taylor,-0.5318
8,4,Holly Madison,-1.0637
8,4,Steve-O,-1.241
8,4,Steve Wozniak,-1.7728
8,5,Gilles Marini,1.7351
8,5,Shawn Johnson,0.8165
8,5,Lil' Kim,0.8165
8,5,Melissa Rycroft,0.5103
8,5,Chuck Wicks,-0.1021
8,5,David Alan Grier,-0.4082
8,5,Ty Murray,-0.7144
8,5,Lawrence Taylor,-1.0206
8,5,Steve-O,-1.633
8,6,Lil' Kim,1.1628
8,6,Melissa Rycroft,0.918
8,6,Gilles Marini,0.6732
8,6,Shawn Johnson,0.6732
8,6,Chuck Wicks,-0.0612
8,6,Lawrence Taylor,-0.306
8,6,Ty Murray,-1.2852
8,6,Steve-O,-1.7748
8,7,Melissa Rycroft,1.1966
8,7,Shawn Johnson,0.7977
8,7,Gilles Marini,0.3989
8,7,Chuck Wicks,0.3989
8,7,Lil' Kim,0.0
8,7,Ty Murray,-0.7977
8,7,Lawrence Taylor,-1.9943
8,8,Lil' Kim,1.2443
8,8,Gilles Marini,0.9333
8,8,Ty Murray,0.0
8,8,Shawn Johnson,0.0
8,8,Chuck Wicks,-0.3111
8,8,Melissa Rycroft,-1.8665
8,9,Melissa Rycroft,0.8825
8,9,Gilles Marini,0.6374
8,9,Shawn Johnson,0.6374
8,9,Lil' Kim,-0.3432
8,9,Ty Murray,-1.8141
8,10,Gilles Marini,1.2145
8,10,Shawn Johnson,0.2892
8,10,Melissa Rycroft,0.0578
8,10,Ty Murray,-1.5615
8,11,Shawn Johnson,1.3363
8,11,Gilles Marini,-0.2673
8,11,Melissa Rycroft,-1.069
9,1,Joanna Krupa,1.672
9,1,Aaron Carter,1.2843
9,1,Mya,1.0905
9,1,Kelly Osbourne,1.0904
9,1,Donny Osmond,0.8966
9,1,Mark Dacascos,0.7027
9,1,Natalie Coughlin,0.315
9,1,Louie Vito,0.315
9,1,Melissa Joan Hart,-0.2665
9,1,Debi Mazar,-0.6543
9,1,Chuck Liddell,-0.6543
9,1,Kathy Ireland,-1.042
9,1,Tom DeLay,-1.042
9,1,Ashley Hamiliton,-1.2358
9,1,Michael Irvin,-1.2358
9,1,Macy Gray,-1.2358
9,2,Aaron Carter,2.0161
9,2,Mya,2.0161
9,2,Donny Osmond,1.344
9,2,Debi Mazar,0.0
9,2,Mark Dacascos,0.0
9,2,Natalie Coughlin,0.0
9,2,Michael Irvin,-0.336
9,2,Joanna Krupa,-0.336
9,2,Melissa Joan Hart,-0.672
9,2,Chuck Liddell,-0.672
9,2,Louie Vito,-0.672
9,2,Kelly Osbourne,-0.672
9,2,Kathy Ireland,-1.008
9,2,Tom DeLay,-1.008
9,3,Mya,1.9242
9,3,Natalie Coughlin,1.6552
9,3,Joanna Krupa,0.8483
9,3,Aaron Carter,0.3104
9,3,Donny Osmond,0.3104
9,3,Louie Vito,0.0414
9,3,Kelly Osbourne,0.0414
9,3,Melissa Joan Hart,-0.2276
9,3,Mark Dacascos,-0.4966
9,3,Debi Mazar,-0.7655
9,3,Chuck Liddell,-0.7655
9,3,Tom DeLay,-1.3035
9,3,Michael Irvin,-1.5725
9,4,Melissa Joan Hart,1.3732
9,4,Mya,1.3732
9,4,Joanna Krupa,0.9155
9,4,Natalie Coughlin,0.4577
9,4,Donny Osmond,0.4577
9,4,Kelly Osbourne,0.2289
9,4,Mark Dacascos,-0.0
9,4,Aaron Carter,-0.9155
9,4,Chuck Liddell,-1.1443
9,4,Louie Vito,-1.3732
9,4,Michael Irvin,-1.3732
9,5,Donny Osmond,2.0357
9,5,Mya,1.1875
9,5,Mark Dacascos,0.7634
9,5,Joanna Krupa,-0.0848
9,5,Aaron Carter,-0.0848
9,5,Kelly Osbourne,-0.0848
9,5,Melissa Joan Hart,-0.5089
9,5,Natalie Coughlin,-0.933
9,5,Louie Vito,-0.933
9,5,Michael Irvin,-1.3571
9,6,Joanna Krupa,1.476
9,6,Mya,0.8534
9,6,Aaron Carter,0.8533
9,6,Mark Dacascos,0.6458
9,6,Donny Osmond,0.4382
9,6,Kelly Osbourne,-0.8072
9,6,Melissa Joan Hart,-1.0148
9,6,Louie Vito,-1.0148
9,6,Michael Irvin,-1.4299
9,7,Joanna Krupa,1.2796
9,7,Aaron Carter,0.7527
9,7,Donny Osmond,0.4893
9,7,Kelly Osbourne,0.4893
9,7,Mya,-0.3011
9,7,Michael Irvin,-0.828
9,7,Mark Dacascos,-1.8818
9,8,Mya,1.9513
9,8,Joanna Krupa,-0.1183
9,8,Kelly Osbourne,-0.4139
9,8,Aaron Carter,-0.7096
9,8,Donny Osmond,-0.7096
9,9,Mya,1.4757
9,9,Joanna Krupa,0.2109
9,9,Kelly Osbourne,-0.4217
9,9,Donny Osmond,-1.2649
9,10,Donny Osmond,0.8998
9,10,Mya,0.4949
9,10,Kelly Osbourne,-1.3948
10,1,Nicole Scherzinger,1.8638
10,1,Evan Lysacek,1.2425
10,1,Pamela Anderson,0.6213
10,1,Erin Andrews,0.6213
10,1,Jake Pavelka,0.3106
10,1,Shannen Doherty,-0.3106
10,1,Niecy Nash,-0.3106
10,1,Chad Ochocinco,-0.3106
10,1,Kate Gosselin,-0.9319
10,1,Aiden Turner,-1.2425
10,1,Buzz Aldrin,-1.5532
10,2,Nicole Scherzinger,1.8762
10,2,Evan Lysacek,0.9381
10,2,Erin Andrews,0.7036
10,2,Pamela Anderson,0.469
10,2,Niecy Nash,0.2345
10,2,Shannen Doherty,0.0
10,2,Jake Pavelka,0.0
10,2,Aiden Turner,-0.2345
10,2,Chad Ochocinco,-0.9381
10,2,Kate Gosselin,-1.1726
10,2,Buzz Aldrin,-1.8762
10,3,Evan Lysacek,1.5803
10,3,Nicole Scherzinger,0.7486
10,3,Erin Andrews,0.7486
10,3,Niecy Nash,0.1941
10,3,Pamela Anderson,0.1941
10,3,Jake Pavelka,0.1941
10,3,Aiden Turner,-0.0832
10,3,Chad Ochocinco,-0.0832
10,3,Kate Gosselin,-1.4694
10,3,Buzz Aldrin,-2.0239
10,4,Evan Lysacek,1.5601
10,4,Nicole Scherzinger,1.2706
10,4,Pamela Anderson,0.8363
10,4,Chad Ochocinco,0.4021
10,4,Erin Andrews,-0.3217
10,4,Jake Pavelka,-0.4664
10,4,Niecy Nash,-0.7559
10,4,Aiden Turner,-1.1901
10,4,Kate Gosselin,-1.3349
10,5,Nicole Scherzinger,1.6708
10,5,Evan Lysacek,1.2177
10,5,Jake Pavelka,0.3115
10,5,Erin Andrews,0.085
10,5,Pamela Anderson,-0.1416
10,5,Niecy Nash,-0.8212
10,5,Chad Ochocinco,-0.8212
10,5,Kate Gosselin,-1.5009
10,6,Nicole Scherzinger,1.6025
10,6,Erin Andrews,1.0808
10,6,Chad Ochocinco,0.2981
10,6,Pamela Anderson,0.0372
10,6,Evan Lysacek,-0.7453
10,6,Niecy Nash,-1.0063
10,6,Jake Pavelka,-1.2671
10,7,Evan Lysacek,1.2229
10,7,Nicole Scherzinger,1.2229
10,7,Chad Ochocinco,0.0941
10,7,Pamela Anderson,-0.4704
10,7,Erin Andrews,-0.4704
10,7,Niecy Nash,-1.5992
10,8,Nicole Scherzinger,1.4355
10,8,Evan Lysacek,0.4102
10,8,Erin Andrews,0.4102
10,8,Chad Ochocinco,-0.957
10,8,Niecy Nash,-1.2988
10,9,Evan Lysacek,0.8704
10,9,Nicole Scherzinger,0.8704
10,9,Erin Andrews,-0.1741
10,9,Chad Ochocinco,-1.5667
10,10,Nicole Scherzinger,1.4123
10,10,Erin Andrews,-0.642
10,10,Evan Lysacek,-0.7703
11,1,Jennifer Grey,1.5755
11,1,Kyle Massey,1.2656
11,1,Brandy,1.2656
11,1,Rick Fox,0.9557
11,1,Kurt Warner,0.0258
11,1,Audrina Patridge,0.0258
11,1,Florence Henderson,-0.2841
11,1,Bristol Palin,-0.2841
11,1,Michael Bolton,-0.904
11,1,David Hasselhoff,-1.2139
11,1,Margaret Cho,-1.2139
11,1,The Situation,-1.2139
11,2,Jennifer Grey,1.2423
11,2,Audrina Patridge,0.9245
11,2,Kyle Massey,0.6067
11,2,Bristol Palin,0.6067
11,2,Rick Fox,0.2889
11,2,Kurt Warner,0.2889
11,2,Brandy,0.2889
11,2,Florence Henderson,-0.3467
11,2,Margaret Cho,-0.6645
11,2,The Situation,-0.6645
11,2,Michael Bolton,-2.5714
11,3,Audrina Patridge,1.555
11,3,Jennifer Grey,0.7576
11,3,Rick Fox,0.7576
11,3,Brandy,0.7576
11,3,Kyle Massey,0.3589
11,3,Kurt Warner,0.3589
11,3,Florence Henderson,-0.8373
11,3,The Situation,-0.8373
11,3,Bristol Palin,-1.2361
11,3,Margaret Cho,-1.6348
11,4,Jennifer Grey,1.9458
11,4,Brandy,0.9862
11,4,Audrina Patridge,0.7463
11,4,Kyle Massey,0.0267
11,4,Rick Fox,-0.0933
11,4,Florence Henderson,-0.5731
11,4,Kurt Warner,-0.693
11,4,Bristol Palin,-0.9329
11,4,The Situation,-1.4127
11,5,Brandy,1.5584
11,5,Jennifer Grey,0.825
11,5,Rick Fox,0.4583
11,5,Kurt Warner,0.4583
11,5,Audrina Patridge,0.0917
11,5,Florence Henderson,-0.6417
11,5,Kyle Massey,-1.0084
11,5,Bristol Palin,-1.7417
11,6,Brandy,1.6388
11,6,Audrina Patridge,0.6191
11,6,Kyle Massey,0.1093
11,6,Rick Fox,0.1093
11,6,Jennifer Grey,-0.1456
11,6,Bristol Palin,-0.4006
11,6,Kurt Warner,-1.9301
11,7,Jennifer Grey,1.1946
11,7,Brandy,1.1946
11,7,Kurt Warner,0.1707
11,7,Rick Fox,-0.1707
11,7,Kyle Massey,-0.8533
11,7,Bristol Palin,-1.536
11,8,Jennifer Grey,0.8856
11,8,Brandy,0.8856
11,8,Kyle Massey,0.6642
11,8,Kurt Warner,-1.107
11,8,Bristol Palin,-1.3284
11,9,Jennifer Grey,1.1767
11,9,Kyle Massey,0.3922
11,9,Brandy,0.0
11,9,Bristol Palin,-1.5689
11,10,Jennifer Grey,1.3074
11,10,Kyle Massey,-0.1868
11,10,Bristol Palin,-1.1206
12,1,Ralph Macchio,1.5982
12,1,Kirstie Alley,1.2898
12,1,Chelsea Kane,0.6729
12,1,Hines Ward,0.6729
12,1,Chris Jericho,0.0561
12,1,Romeo,0.0561
12,1,Petra Nemcova,-0.2523
12,1,Kendra Wilkinson,-0.2523
12,1,Sugar Ray Leonard,-0.5608
12,1,Wendy Williams,-1.486
12,1,Mike Catherwood,-1.7945
12,2,Hines Ward,1.4106
12,2,Chris Jericho,1.4106
12,2,Romeo,1.4106
12,2,Ralph Macchio,0.5719
12,2,Kirstie Alley,0.1525
12,2,Kendra Wilkinson,-0.2669
12,2,Chelsea Kane,-0.6862
12,2,Petra Nemcova,-0.6862
12,2,Sugar Ray Leonard,-1.1056
12,2,Mike Catherwood,-1.1056
12,2,Wendy Williams,-1.1056
12,3,Hines Ward,1.3024
12,3,Petra Nemcova,1.3024
12,3,Chelsea Kane,0.5789
12,3,Kendra Wilkinson,0.5789
12,3,Ralph Macchio,-0.1447
12,3,Kirstie Alley,-0.1447
12,3,Chris Jericho,-0.1447
12,3,Sugar Ray Leonard,-0.5065
12,3,Romeo,-0.5065
12,3,Wendy Williams,-2.3154
12,4,Chelsea Kane,1.363
12,4,Ralph Macchio,0.9249
12,4,Hines Ward,0.9249
12,4,Chris Jericho,0.0487
12,4,Petra Nemcova,0.0487
12,4,Romeo,0.0487
12,4,Kirstie Alley,-0.3894
12,4,Sugar Ray Leonard,-0.8275
12,4,Kendra Wilkinson,-2.1419
12,5,Hines Ward,1.3439
12,5,Chelsea Kane,0.8552
12,5,Chris Jericho,0.8552
12,5,Romeo,0.8552
12,5,Kirstie Alley,-0.6108
12,5,Ralph Macchio,-1.0995
12,5,Petra Nemcova,-1.0995
12,5,Kendra Wilkinson,-1.0995
12,6,Chelsea Kane,1.1148
12,6,Romeo,1.1148
12,6,Hines Ward,0.6271
12,6,Kirstie Alley,0.1393
12,6,Kendra Wilkinson,-0.3484
12,6,Ralph Macchio,-0.8361
12,6,Chris Jericho,-1.8115
12,7,Ralph Macchio,1.2139
12,7,Hines Ward,1.2139
12,7,Chelsea Kane,0.4472
12,7,Kendra Wilkinson,-0.7028
12,7,Kirstie Alley,-1.0861
12,7,Romeo,-1.0861
12,8,Chelsea Kane,0.9487
12,8,Hines Ward,0.6325
12,8,Kirstie Alley,0.3162
12,8,Romeo,0.0
12,8,Ralph Macchio,-1.8974
12,9,Chelsea Kane,1.5394
12,9,Hines Ward,0.135
12,9,Kirstie Alley,-0.5131
12,9,Ralph Macchio,-1.1613
12,10,Chelsea Kane,0.7071
12,10,Hines Ward,0.7071
12,10,Kirstie Alley,-1.4142
13,1,J.R. Martinez,1.5083
13,1,Chynna Phillips,1.5083
13,1,Hope Solo,1.1232
13,1,Ricki Lake,0.7381
13,1,Kristin Cavallari,0.353
13,1,David Arquette,-0.0321
13,1,Carson Kressley,-0.4172
13,1,Chaz Bono,-0.4172
13,1,Nancy Grace,-0.8023
13,1,Rob Kardashian,-0.8023
13,1,Elisabetta Canalis,-1.1874
13,1,Metta World Peace (Ron),-1.5725
13,2,Ricki Lake,1.4639
13,2,J.R. Martinez,0.9271
13,2,Kristin Cavallari,0.9271
13,2,Elisabetta Canalis,0.3904
13,2,Chynna Phillips,0.3904
13,2,Nancy Grace,0.3904
13,2,Rob Kardashian,0.3904
13,2,Hope Solo,-0.6831
13,2,David Arquette,-1.2199
13,2,Carson Kressley,-1.2199
13,2,Chaz Bono,-1.7566
13,3,Ricki Lake,1.3242
13,3,J.R. Martinez,0.923
13,3,Chynna Phillips,0.923
13,3,David Arquette,0.1204
13,3,Hope Solo,0.1204
13,3,Kristin Cavallari,0.1204
13,3,Rob Kardashian,0.1204
13,3,Carson Kressley,-0.2809
13,3,Nancy Grace,-1.0835
13,3,Chaz Bono,-2.2873
13,4,Ricki Lake,2.1089
13,4,J.R. Martinez,1.0139
13,4,Hope Solo,0.2839
13,4,Rob Kardashian,0.2839
13,4,David Arquette,-0.0811
13,4,Chynna Phillips,-0.8111
13,4,Chaz Bono,-0.8111
13,4,Nancy Grace,-0.8111
13,4,Carson Kressley,-1.1761
13,5,J.R. Martinez,1.7321
13,5,David Arquette,0.5774
13,5,Rob Kardashian,0.5774
13,5,Ricki Lake,0.1925
13,5,Hope Solo,0.1925
13,5,Nancy Grace,-0.5774
13,5,Chaz Bono,-0.9623
13,5,Carson Kressley,-1.7321
13,6,Ricki Lake,1.4316
13,6,J.R. Martinez,1.4316
13,6,Nancy Grace,0.0774
13,6,David Arquette,-0.1935
13,6,Rob Kardashian,-0.4643
13,6,Hope Solo,-1.006
13,6,Chaz Bono,-1.2768
13,7,Ricki Lake,1.4315
13,7,Rob Kardashian,0.7444
13,7,Hope Solo,0.4008
13,7,J.R. Martinez,-0.2863
13,7,David Arquette,-0.6299
13,7,Nancy Grace,-1.6605
13,8,J.R. Martinez,1.6156
13,8,Ricki Lake,0.0394
13,8,Hope Solo,0.0394
13,8,Rob Kardashian,-0.1576
13,8,Nancy Grace,-1.5368
13,9,Ricki Lake,1.0728
13,9,Rob Kardashian,0.7959
13,9,J.R. Martinez,-0.4498
13,9,Hope Solo,-1.4189
13,10,Rob Kardashian,1.2249
13,10,J.R. Martinez,-0.0002
13,10,Ricki Lake,-1.2246
14,1,Jaleel White,1.6977
14,1,Katherine Jenkins,1.6977
14,1,William Levy,0.7276
14,1,Jack Wagner,0.2425
14,1,Sherri Sheperd,0.2425
14,1,Roshon Fegan,0.2425
14,1,Gladys Knight,0.2425
14,1,Donald Driver,-0.7276
14,1,Maria Menounos,-0.7276
14,1,Melissa Gilbert,-1.2127
14,1,Martina Navratilova,-1.2127
14,1,Gavin DeGraw,-1.2127
14,2,Roshon Fegan,1.2877
14,2,Katherine Jenkins,1.2877
14,2,William Levy,0.9284
14,2,Maria Menounos,0.9284
14,2,Donald Driver,0.569
14,2,Sherri Sheperd,0.2096
14,2,Jaleel White,-0.1497
14,2,Jack Wagner,-0.5091
14,2,Gavin DeGraw,-0.5091
14,2,Melissa Gilbert,-0.8685
14,2,Gladys Knight,-1.2279
14,2,Martina Navratilova,-1.9466
14,3,Katherine Jenkins,2.0555
14,3,William Levy,1.4757
14,3,Maria Menounos,0.896
14,3,Donald Driver,0.3162
14,3,Jaleel White,-0.2635
14,3,Roshon Fegan,-0.2635
14,3,Jack Wagner,-0.8433
14,3,Sherri Sheperd,-0.8433
14,3,Melissa Gilbert,-0.8433
14,3,Gavin DeGraw,-0.8433
14,3,Gladys Knight,-0.8433
14,4,Donald Driver,1.653
14,4,Roshon Fegan,1.2063
14,4,Maria Menounos,1.2063
14,4,Katherine Jenkins,0.3127
14,4,Gavin DeGraw,-0.134
14,4,William Levy,-0.5808
14,4,Jaleel White,-0.5808
14,4,Melissa Gilbert,-0.5808
14,4,Sherri Sheperd,-1.0276
14,4,Gladys Knight,-1.4743
14,5,William Levy,1.2159
14,5,Katherine Jenkins,1.2159
14,5,Donald Driver,0.6244
14,5,Maria Menounos,0.6244
14,5,Roshon Fegan,0.3286
14,5,Jaleel White,-0.2629
14,5,Gladys Knight,-0.8544
14,5,Melissa Gilbert,-1.1502
14,5,Gavin DeGraw,-1.7417
14,6,Katherine Jenkins,1.4171
14,6,Jaleel White,0.9972
14,6,William Levy,0.7873
14,6,Donald Driver,0.3674
14,6,Melissa Gilbert,-0.4724
14,6,Maria Menounos,-0.4724
14,6,Roshon Fegan,-0.8923
14,6,Gladys Knight,-1.732
14,7,Maria Menounos,1.6204
14,7,Katherine Jenkins,0.557
14,7,William Levy,0.2025
14,7,Donald Driver,0.2025
14,7,Roshon Fegan,-0.1519
14,7,Jaleel White,-0.5064
14,7,Melissa Gilbert,-1.9242
14,8,William Levy,1.2632
14,8,Roshon Fegan,0.7579
14,8,Donald Driver,0.2526
14,8,Katherine Jenkins,0.2526
14,8,Maria Menounos,-0.7579
14,8,Melissa Gilbert,-1.7685
14,9,Maria Menounos,1.3416
14,9,William Levy,0.4472
14,9,Donald Driver,-0.4472
14,9,Katherine Jenkins,-1.3416
14,10,Katherine Jenkins,1.4142
14,10,William Levy,-0.7071
14,10,Donald Driver,-0.7071
15,1,Emmitt Smith,1.6847
15,1,Gilles Marini,1.424
15,1,Sabrina Bryan,0.6418
15,1,Apolo Anton Ohno,0.3811
15,1,Shawn Johnson,0.3811
15,1,Kelly Monaco,0.1203
15,1,Helio Castroneves,0.1203
15,1,Drew Lachey,0.1203
15,1,Melissa Rycroft,-0.1404
15,1,Joey Fatone,-0.4011
15,1,Bristol Palin,-0.9226
15,1,Kirstie Alley,-1.1833
15,1,Pamela Anderson,-2.2262
15,2,Sabrina Bryan,1.4343
15,2,Gilles Marini,1.1952
15,2,Shawn Johnson,0.9562
15,2,Apolo Anton Ohno,0.7171
15,2,Melissa Rycroft,0.239
15,2,Helio Castroneves,0.0
15,2,Emmitt Smith,-0.239
15,2,Joey Fatone,-0.239
15,2,Drew Lachey,-0.239
15,2,Kelly Monaco,-0.4781
15,2,Kirstie Alley,-0.9562
15,2,Bristol Palin,-2.3905
15,3,Kelly Monaco,1.3254
15,3,Melissa Rycroft,1.3254
15,3,Shawn Johnson,0.9417
15,3,Gilles Marini,0.1744
15,3,Sabrina Bryan,0.1744
15,3,Apolo Anton Ohno,0.1744
15,3,Helio Castroneves,0.1744
15,3,Emmitt Smith,-0.2093
15,3,Kirstie Alley,-0.9766
15,3,Drew Lachey,-0.9766
15,3,Bristol Palin,-2.1276
15,4,Gilles Marini,1.255
15,4,Shawn Johnson,1.255
15,4,Kelly Monaco,0.5906
15,4,Melissa Rycroft,0.4245
15,4,Emmitt Smith,0.0923
15,4,Sabrina Bryan,-0.0738
15,4,Apolo Anton Ohno,-0.406
15,4,Bristol Palin,-1.2365
15,4,Kirstie Alley,-1.9009
15,5,Sabrina Bryan,1.344
15,5,Gilles Marini,0.4289
15,5,Apolo Anton Ohno,0.4289
15,5,Shawn Johnson,0.4289
15,5,Melissa Rycroft,0.4289
15,5,Emmitt Smith,0.2002
15,5,Kirstie Alley,-1.4011
15,5,Kelly Monaco,-1.8587
15,6,Sabrina Bryan,1.3472
15,6,Apolo Anton Ohno,1.3472
15,6,Melissa Rycroft,0.9623
15,6,Shawn Johnson,-0.1925
15,6,Gilles Marini,-0.5774
15,6,Kirstie Alley,-0.5774
15,6,Kelly Monaco,-0.9623
15,6,Emmitt Smith,-1.3472
15,7,Melissa Rycroft,1.3082
15,7,Shawn Johnson,1.0128
15,7,Kelly Monaco,0.422
15,7,Emmitt Smith,-0.0211
15,7,Gilles Marini,-0.3165
15,7,Apolo Anton Ohno,-0.4642
15,7,Kirstie Alley,-1.9413
15,8,Melissa Rycroft,1.1141
15,8,Gilles Marini,0.5888
15,8,Apolo Anton Ohno,0.5888
15,8,Emmitt Smith,0.4271
15,8,Kelly Monaco,-0.0981
15,8,Shawn Johnson,-0.4618
15,8,Kirstie Alley,-2.1588
15,9,Shawn Johnson,1.3243
15,9,Melissa Rycroft,0.5885
15,9,Apolo Anton Ohno,0.4187
15,9,Kelly Monaco,-1.1093
15,9,Emmitt Smith,-1.2223
15,10,Melissa Rycroft,1.2788
15,10,Kelly Monaco,-0.1164
15,10,Shawn Johnson,-1.1624
16,1,Zendaya,1.7482
16,1,Dorothy Hamill,0.6815
16,1,Alexandra Raisman,0.6815
16,1,Kellie Pickler,0.6815
16,1,Ingo Rademacher,0.3259
16,1,Jacoby Jones,0.3259
16,1,Sean Lowe,-0.0296
16,1,Victor Ortiz,-0.3852
16,1,Wynonna Judd,-0.3852
16,1,Lisa Vanderpump,-0.3852
16,1,Andy Dick,-0.7408
16,1,D. L. Hughley,-2.5186
16,2,Zendaya,1.6099
16,2,Kellie Pickler,1.6099
16,2,Alexandra Raisman,1.0417
16,2,Jacoby Jones,0.7576
16,2,Ingo Rademacher,-0.0947
16,2,Andy Dick,-0.0947
16,2,Sean Lowe,-0.0947
16,2,Victor Ortiz,-0.6629
16,2,Wynonna Judd,-0.6629
16,2,Lisa Vanderpump,-0.6629
16,2,D. L. Hughley,-1.2311
16,2,Dorothy Hamill,-1.5152
16,3,Zendaya,1.2879
16,3,Jacoby Jones,1.2879
16,3,Kellie Pickler,1.0102
16,3,Victor Ortiz,0.4546
16,3,Alexandra Raisman,0.4546
16,3,Ingo Rademacher,-0.101
16,3,Lisa Vanderpump,-0.101
16,3,Sean Lowe,-0.101
16,3,Andy Dick,-0.9344
16,3,D. L. Hughley,-1.49
16,3,Wynonna Judd,-1.7678
16,4,Alexandra Raisman,1.4664
16,4,Zendaya,1.1476
16,4,Kellie Pickler,1.1476
16,4,Jacoby Jones,0.5101
16,4,Ingo Rademacher,0.1913
16,4,D. L. Hughley,-0.4463
16,4,Andy Dick,-0.4463
16,4,Sean Lowe,-0.7651
16,4,Victor Ortiz,-1.4027
16,4,Lisa Vanderpump,-1.4027
16,5,Zendaya,1.5594
16,5,Kellie Pickler,1.0196
16,5,Jacoby Jones,0.7497
16,5,Alexandra Raisman,0.4798
16,5,Sean Lowe,0.2099
16,5,Ingo Rademacher,-0.5998
16,5,Victor Ortiz,-0.5998
16,5,D. L. Hughley,-1.4094
16,5,Andy Dick,-1.4094
16,6,Kellie Pickler,1.5331
16,6,Alexandra Raisman,1.0871
16,6,Zendaya,0.8641
16,6,Ingo Rademacher,-0.2509
16,6,Sean Lowe,-0.2509
16,6,Jacoby Jones,-0.4739
16,6,Andy Dick,-0.9199
16,6,Victor Ortiz,-1.5889
16,7,Alexandra Raisman,1.2451
16,7,Zendaya,0.8093
16,7,Kellie Pickler,0.5914
16,7,Jacoby Jones,0.1556
16,7,Ingo Rademacher,-0.2802
16,7,Sean Lowe,-0.4981
16,7,Andy Dick,-2.0234
16,8,Zendaya,1.1359
16,8,Alexandra Raisman,0.7675
16,8,Kellie Pickler,0.5833
16,8,Jacoby Jones,0.0307
16,8,Ingo Rademacher,-0.7061
16,8,Sean Lowe,-1.8113
16,9,Alexandra Raisman,0.8462
16,9,Jacoby Jones,0.8462
16,9,Kellie Pickler,0.5208
16,9,Zendaya,-0.4557
16,9,Ingo Rademacher,-1.7576
16,10,Zendaya,0.9045
16,10,Kellie Pickler,0.9045
16,10,Alexandra Raisman,-0.3015
16,10,Jacoby Jones,-1.5076
17,1,Amber Riley,1.6791
17,1,Elizabeth Berkley Lauren,0.7902
17,1,Corbin Bleu,0.7902
17,1,"Nicole ""Snooki"" Polizzi",0.4939
17,1,Jack Osbourne,0.4939
17,1,Brant Daugherty,0.1975
17,1,Christina Milian,0.1975
17,1,Valerie Harper,-0.0988
17,1,Leah Remini,-0.0988
17,1,Bill Engvall,-0.9877
17,1,Keyshawn Johnson,-1.284
17,1,Bill Nye,-2.173
17,2,Corbin Bleu,1.317
17,2,Elizabeth Berkley Lauren,0.9734
17,2,Christina Milian,0.9734
17,2,Leah Remini,0.6299
17,2,Amber Riley,0.6299
17,2,Jack Osbourne,0.6299
17,2,Brant Daugherty,0.2863
17,2,Bill Engvall,-0.4008
17,2,"Nicole ""Snooki"" Polizzi",-0.7444
17,2,Valerie Harper,-1.0879
17,2,Keyshawn Johnson,-1.4315
17,2,Bill Nye,-1.7751
17,3,Brant Daugherty,1.0566
17,3,Corbin Bleu,0.7799
17,3,Christina Milian,0.7799
17,3,Elizabeth Berkley Lauren,0.5032
17,3,"Nicole ""Snooki"" Polizzi",0.5032
17,3,Leah Remini,0.2264
17,3,Amber Riley,0.2264
17,3,Bill Engvall,0.2264
17,3,Jack Osbourne,-0.3271
17,3,Valerie Harper,-1.9875
17,3,Bill Nye,-1.9875
17,4,Elizabeth Berkley Lauren,1.166
17,4,Corbin Bleu,1.166
17,4,Amber Riley,1.166
17,4,Leah Remini,0.106
17,4,Christina Milian,0.106
17,4,"Nicole ""Snooki"" Polizzi",0.106
17,4,Jack Osbourne,0.106
17,4,Brant Daugherty,-0.954
17,4,Bill Engvall,-0.954
17,4,Valerie Harper,-2.014
17,5,Corbin Bleu,1.0196
17,5,Christina Milian,1.0196
17,5,Brant Daugherty,0.4798
17,5,"Nicole ""Snooki"" Polizzi",0.4798
17,5,Jack Osbourne,0.4798
17,5,Elizabeth Berkley Lauren,-0.06
17,5,Amber Riley,-0.06
17,5,Bill Engvall,-1.1395
17,5,Leah Remini,-2.2191
17,6,Elizabeth Berkley Lauren,1.172
17,6,Amber Riley,1.172
17,6,Brant Daugherty,0.797
17,6,"Nicole ""Snooki"" Polizzi",0.422
17,6,Leah Remini,-0.3282
17,6,Corbin Bleu,-0.7032
17,6,Jack Osbourne,-0.7032
17,6,Bill Engvall,-1.8283
17,7,Corbin Bleu,1.2266
17,7,Amber Riley,1.2266
17,7,Brant Daugherty,0.5498
17,7,Jack Osbourne,0.5498
17,7,Elizabeth Berkley Lauren,-0.4653
17,7,"Nicole ""Snooki"" Polizzi",-0.4653
17,7,Leah Remini,-0.8036
17,7,Bill Engvall,-1.8187
17,8,Corbin Bleu,1.2081
17,8,Jack Osbourne,1.2081
17,8,Leah Remini,0.2685
17,8,Amber Riley,0.2685
17,8,Brant Daugherty,-0.2013
17,8,Elizabeth Berkley Lauren,-1.141
17,8,Bill Engvall,-1.6108
17,9,Corbin Bleu,1.0667
17,9,Elizabeth Berkley Lauren,0.6788
17,9,Leah Remini,0.2909
17,9,Jack Osbourne,0.2909
17,9,Amber Riley,-0.2909
17,9,Bill Engvall,-2.0365
17,10,Amber Riley,1.3212
17,10,Corbin Bleu,0.734
17,10,Jack Osbourne,0.1468
17,10,Leah Remini,-0.734
17,10,Bill Engvall,-1.4681
17,11,Amber Riley,1.2568
17,11,Corbin Bleu,0.4833
17,11,Jack Osbourne,-0.29
17,11,Bill Engvall,-1.4501
18,1,Charlie White,1.65
18,1,Candace Cameron Bure,1.0113
18,1,Danica McKellar,0.6919
18,1,Amy Purdy,0.6919
18,1,Meryl Davis,0.6919
18,1,Cody Simpson,0.0532
18,1,James Maslow,-0.2661
18,1,Drew Carey,-0.2661
18,1,NeNe Leakes,-0.2661
18,1,Sean Avery,-0.5855
18,1,Diana Nyad,-1.2242
18,1,Billy Dee Williams,-2.1822
18,2,James Maslow,0.9984
18,2,Charlie White,0.9984
18,2,Meryl Davis,0.9984
18,2,Danica McKellar,0.6442
18,2,Amy Purdy,0.6442
18,2,Cody Simpson,-0.0644
18,2,Candace Cameron Bure,-0.4187
18,2,Sean Avery,-0.4187
18,2,Drew Carey,-0.4187
18,2,NeNe Leakes,-0.4187
18,2,Billy Dee Williams,-2.5444
18,3,Meryl Davis,1.6143
18,3,Danica McKellar,0.5246
18,3,James Maslow,0.5246
18,3,Charlie White,0.5246
18,3,Amy Purdy,0.5246
18,3,Cody Simpson,0.1614
18,3,Candace Cameron Bure,-0.9282
18,3,NeNe Leakes,-1.2914
18,3,Drew Carey,-1.6546
18,4,Meryl Davis,2.1213
18,4,James Maslow,0.7071
18,4,Amy Purdy,0.3536
18,4,Charlie White,0.0
18,4,Drew Carey,0.0
18,4,Danica McKellar,-0.3536
18,4,NeNe Leakes,-0.3536
18,4,Cody Simpson,-0.7071
18,4,Candace Cameron Bure,-1.7678
18,5,James Maslow,1.2958
18,5,Danica McKellar,0.9889
18,5,Charlie White,0.3751
18,5,Amy Purdy,0.3751
18,5,Meryl Davis,0.0682
18,5,NeNe Leakes,0.0682
18,5,Candace Cameron Bure,-0.2387
18,5,Cody Simpson,-0.5456
18,5,Drew Carey,-2.387
18,6,Meryl Davis,1.7718
18,6,Amy Purdy,1.0258
18,6,Danica McKellar,0.2798
18,6,Charlie White,0.2798
18,6,James Maslow,-0.0933
18,6,NeNe Leakes,-0.8393
18,6,Candace Cameron Bure,-1.2123
18,6,Drew Carey,-1.2123
18,7,Meryl Davis,1.5987
18,7,Amy Purdy,0.7594
18,7,Candace Cameron Bure,0.4796
18,7,Danica McKellar,-0.0799
18,7,Charlie White,-0.3597
18,7,James Maslow,-0.6395
18,7,NeNe Leakes,-1.7586
18,8,Charlie White,1.2999
18,8,Amy Purdy,1.2999
18,8,Danica McKellar,0.1857
18,8,James Maslow,-0.9285
18,8,Candace Cameron Bure,-0.9285
18,8,Meryl Davis,-0.9285
18,9,Meryl Davis,1.3568
18,9,Amy Purdy,0.603
18,9,James Maslow,-0.1508
18,9,Charlie White,-0.1508
18,9,Candace Cameron Bure,-1.6583
18,10,Meryl Davis,0.8433
18,10,Amy Purdy,0.6324
18,10,James Maslow,0.2109
18,10,Candace Cameron Bure,-1.6866
19,1,Alfonso Ribeiro,1.6478
19,1,Sadie Robertson,1.2016
19,1,Lea Thompson,0.7553
19,1,Bethany Mota,0.7553
19,1,Randy Couture,0.5321
19,1,Jonathan Bennett,0.309
19,1,Janel Parrish,0.0858
19,1,Tavis Smiley,0.0858
19,1,Tommy Chong,-0.3605
19,1,Antonio Sabato Jr.,-0.8068
19,1,Michael Waltrip,-0.8068
19,1,Lolo Jones,-1.4762
19,1,Betsey Johnson,-1.9225
19,2,Lea Thompson,1.6136
19,2,Janel Parrish,1.2798
19,2,Bethany Mota,0.9459
19,2,Alfonso Ribeiro,0.6121
19,2,Antonio Sabato Jr.,0.2782
19,2,Sadie Robertson,0.2782
19,2,Jonathan Bennett,-0.0556
19,2,Randy Couture,-0.7233
19,2,Tommy Chong,-0.7233
19,2,Betsey Johnson,-0.7233
19,2,Tavis Smiley,-0.7233
19,2,Michael Waltrip,-2.0587
19,3,Janel Parrish,1.8415
19,3,Bethany Mota,1.8415
19,3,Tommy Chong,0.4445
19,3,Jonathan Bennett,-0.0212
19,3,Alfonso Ribeiro,-0.0212
19,3,Sadie Robertson,-0.0212
19,3,Lea Thompson,-0.254
19,3,Antonio Sabato Jr.,-0.7197
19,3,Betsey Johnson,-0.7197
19,3,Michael Waltrip,-0.9525
19,3,Randy Couture,-1.4182
19,4,Alfonso Ribeiro,1.4557
19,4,Lea Thompson,1.2738
19,4,Sadie Robertson,0.9098
19,4,Janel Parrish,0.7279
19,4,Bethany Mota,0.182
19,4,Antonio Sabato Jr.,-0.5459
19,4,Betsey Johnson,-0.5459
19,4,Tommy Chong,-0.7279
19,4,Michael Waltrip,-1.2738
19,4,Jonathan Bennett,-1.4557
19,5,Sadie Robertson,1.2263
19,5,Lea Thompson,0.8584
19,5,Alfonso Ribeiro,0.8584
19,5,Janel Parrish,0.6745
19,5,Bethany Mota,0.4905
19,5,Antonio Sabato Jr.,-0.2453
19,5,Jonathan Bennett,-0.981
19,5,Tommy Chong,-1.165
19,5,Michael Waltrip,-1.7168
19,6,Alfonso Ribeiro,1.8584
19,6,Bethany Mota,0.9933
19,6,Sadie Robertson,0.7049
19,6,Janel Parrish,0.1282
19,6,Jonathan Bennett,-0.1602
19,6,Lea Thompson,-0.1602
19,6,Michael Waltrip,-0.737
19,6,Antonio Sabato Jr.,-1.3137
19,6,Tommy Chong,-1.3137
19,7,Bethany Mota,1.7295
19,7,Lea Thompson,0.896
19,7,Alfonso Ribeiro,0.5626
19,7,Janel Parrish,0.3959
19,7,Sadie Robertson,-0.4376
19,7,Tommy Chong,-0.771
19,7,Antonio Sabato Jr.,-0.9377
19,7,Michael Waltrip,-1.4378
19,8,Janel Parrish,1.2021
19,8,Alfonso Ribeiro,0.8845
19,8,Bethany Mota,0.7258
19,8,Sadie Robertson,0.4082
19,8,Lea Thompson,-0.5443
19,8,Tommy Chong,-1.0206
19,8,Michael Waltrip,-1.6557
19,9,Janel Parrish,0.8275
19,9,Alfonso Ribeiro,0.8275
19,9,Bethany Mota,0.3894
19,9,Sadie Robertson,0.2434
19,9,Lea Thompson,-0.1947
19,9,Tommy Chong,-2.0932
19,10,Janel Parrish,0.8839
19,10,Bethany Mota,0.5303
19,10,Alfonso Ribeiro,0.3536
19,10,Sadie Robertson,0.1768
19,10,Tommy Chong,-1.9445
19,11,Alfonso Ribeiro,1.2703
19,11,Sadie Robertson,0.3463
19,11,Janel Parrish,-0.1156
19,11,Bethany Mota,-1.501
20,1,Rumer Willis,1.7923
20,1,Riker Lynch,1.4664
20,1,Nastia Liukin,1.1406
20,1,Robert Herjavec,0.4888
20,1,Michael Sam,-0.1629
20,1,Noah Galloway,-0.1629
20,1,Chris Soules,-0.1629
20,1,Suzanne Somers,-0.4888
20,1,Willow Shields,-0.4888
20,1,Patti LaBelle,-0.4888
20,1,Charlotte McKinney,-1.4664
20,1,Redfoo,-1.4664
20,2,Nastia Liukin,1.5049
20,2,Willow Shields,0.9128
20,2,Riker Lynch,0.9128
20,2,Rumer Willis,0.9128
20,2,Redfoo,0.6168
20,2,Suzanne Somers,-0.2714
20,2,Michael Sam,-0.2714
20,2,Robert Herjavec,-0.2714
20,2,Patti LaBelle,-0.2714
20,2,Noah Galloway,-0.5674
20,2,Charlotte McKinney,-0.8635
20,2,Chris Soules,-2.3437
20,3,Riker Lynch,1.261
20,3,Nastia Liukin,1.261
20,3,Rumer Willis,1.0336
20,3,Willow Shields,0.8062
20,3,Noah Galloway,0.3514
20,3,Robert Herjavec,0.124
20,3,Chris Soules,-0.1034
20,3,Suzanne Somers,-0.7856
20,3,Michael Sam,-1.013
20,3,Charlotte McKinney,-1.4677
20,3,Patti LaBelle,-1.4677
20,4,Willow Shields,1.8133
20,4,Nastia Liukin,0.9764
20,4,Rumer Willis,0.6974
20,4,Riker Lynch,0.4184
20,4,Robert Herjavec,0.4184
20,4,Noah Galloway,-0.1395
20,4,Michael Sam,-0.6974
20,4,Patti LaBelle,-0.6974
20,4,Suzanne Somers,-1.2553
20,4,Chris Soules,-1.5343
20,5,Rumer Willis,1.384
20,5,Riker Lynch,1.2008
20,5,Nastia Liukin,1.2008
20,5,Willow Shields,0.4681
20,5,Suzanne Somers,-0.6309
20,5,Noah Galloway,-0.6309
20,5,Patti LaBelle,-0.8141
20,5,Chris Soules,-0.8141
20,5,Robert Herjavec,-1.3637
20,6,Riker Lynch,1.8074
20,6,Willow Shields,0.7746
20,6,Nastia Liukin,0.7746
20,6,Rumer Willis,0.0861
20,6,Chris Soules,-0.2582
20,6,Noah Galloway,-0.9467
20,6,Patti LaBelle,-0.9467
20,6,Robert Herjavec,-1.291
20,7,Nastia Liukin,1.3189
20,7,Willow Shields,0.7594
20,7,Noah Galloway,0.4796
20,7,Riker Lynch,0.1998
20,7,Rumer Willis,0.1998
20,7,Robert Herjavec,-1.4788
20,7,Chris Soules,-1.4788
20,8,Rumer Willis,1.2483
20,8,Riker Lynch,0.9855
20,8,Nastia Liukin,0.7227
20,8,Chris Soules,-0.8541
20,8,Noah Galloway,-0.9855
20,8,Robert Herjavec,-1.1169
20,9,Riker Lynch,0.9045
20,9,Nastia Liukin,0.9045
20,9,Rumer Willis,-0.3015
20,9,Noah Galloway,-1.5076
20,10,Riker Lynch,0.7071
20,10,Rumer Willis,0.7071
20,10,Noah Galloway,-1.4142
21,1,Nick Carter,1.1093
21,1,Bindi Irwin,1.1093
21,1,Carlos PenaVega,0.8767
21,1,Tamar Braxton,0.8767
21,1,Alexa PenaVega,0.6441
21,1,Alek Skarlatos,0.6441
21,1,Andy Grammer,0.4115
21,1,Hayes Grier,0.4115
21,1,Gary Busey,-0.984
21,1,Victor Espinoza,-0.984
21,1,Paula Deen,-0.984
21,1,Chaka Khan,-1.4492
21,1,Kim Zolciak-Biermann,-1.6818
21,2,Tamar Braxton,1.2707
21,2,Bindi Irwin,1.0986
21,2,Alexa PenaVega,0.7545
21,2,Carlos PenaVega,0.5824
21,2,Alek Skarlatos,0.5824
21,2,Nick Carter,0.5824
21,2,Hayes Grier,0.5824
21,2,Andy Grammer,0.4103
21,2,Victor Espinoza,-0.7942
21,2,Kim Zolciak-Biermann,-0.7942
21,2,Paula Deen,-0.7942
21,2,Gary Busey,-1.4824
21,2,Chaka Khan,-1.9986
21,3,Alexa PenaVega,1.1766
21,3,Nick Carter,1.1766
21,3,Alek Skarlatos,0.5348
21,3,Tamar Braxton,0.5348
21,3,Bindi Irwin,0.3209
21,3,Carlos PenaVega,0.107
21,3,Hayes Grier,-0.107
21,3,Andy Grammer,-0.3209
21,3,Gary Busey,-1.1766
21,3,Paula Deen,-2.2463
21,4,Bindi Irwin,1.1271
21,4,Tamar Braxton,0.8709
21,4,Nick Carter,0.8709
21,4,Hayes Grier,0.8709
21,4,Carlos PenaVega,0.3586
21,4,Alek Skarlatos,0.1025
21,4,Andy Grammer,-0.1537
21,4,Alexa PenaVega,-0.666
21,4,Paula Deen,-1.4345
21,4,Gary Busey,-1.9468
21,5,Alexa PenaVega,1.383
21,5,Carlos PenaVega,1.172
21,5,Bindi Irwin,0.7501
21,5,Andy Grammer,0.5391
21,5,Nick Carter,0.3282
21,5,Hayes Grier,-0.7267
21,5,Alek Skarlatos,-0.9376
21,5,Tamar Braxton,-0.9376
21,5,Paula Deen,-1.5705
21,6,Andy Grammer,0.937
21,6,Tamar Braxton,0.937
21,6,Bindi Irwin,0.937
21,6,Nick Carter,0.7576
21,6,Carlos PenaVega,0.5782
21,6,Hayes Grier,-0.4984
21,6,Alexa PenaVega,-0.8573
21,6,Alek Skarlatos,-0.8573
21,6,Paula Deen,-1.9338
21,7,Bindi Irwin,1.8593
21,7,Carlos PenaVega,0.5071
21,7,Andy Grammer,0.5071
21,7,Hayes Grier,0.5071
21,7,Alexa PenaVega,-0.169
21,7,Tamar Braxton,-0.8452
21,7,Nick Carter,-0.8452
21,7,Alek Skarlatos,-1.5213
21,8,Nick Carter,1.9501
21,8,Carlos PenaVega,0.4743
21,8,Tamar Braxton,0.1054
21,8,Bindi Irwin,0.1054
21,8,Alexa PenaVega,-0.2636
21,8,Alek Skarlatos,-1.0013
21,8,Andy Grammer,-1.3703
21,9,Alexa PenaVega,1.248
21,9,Bindi Irwin,1.248
21,9,Nick Carter,0.0403
21,9,Carlos PenaVega,-0.2013
21,9,Alek Skarlatos,-0.9259
21,9,Tamar Braxton,-1.409
21,10,Carlos PenaVega,0.9623
21,10,Bindi Irwin,0.9623
21,10,Alek Skarlatos,-0.5774
21,10,Nick Carter,-1.3472
21,11,Carlos PenaVega,0.5774
21,11,Nick Carter,0.5774
21,11,Bindi Irwin,0.5774
21,11,Alek Skarlatos,-1.7321
22,1,Nyle DiMarco,1.0267
22,1,Ginger Zee,1.0267
22,1,Wanya Morris,1.0267
22,1,Von Miller,0.3949
22,1,Antonio Brown,0.3949
22,1,Paige VanZant,0.3949
22,1,Marla Maples,0.3949
22,1,Kim Fields,0.079
22,1,Jodie Sweetin,0.079
22,1,Mischa Barton,-1.1846
22,1,Doug Flutie,-1.5005
22,1,Geraldo Rivera,-2.1323
22,2,Paige VanZant,1.44
22,2,Wanya Morris,1.44
22,2,Jodie Sweetin,0.4431
22,2,Ginger Zee,0.4431
22,2,Doug Flutie,0.1108
22,2,Von Miller,0.1108
22,2,Nyle DiMarco,0.1108
22,2,Marla Maples,0.1108
22,2,Kim Fields,-0.2215
22,2,Antonio Brown,-0.2215
22,2,Mischa Barton,-1.5508
22,2,Geraldo Rivera,-2.2154
22,3,Nyle DiMarco,1.7528
22,3,Wanya Morris,1.2454
22,3,Jodie Sweetin,0.738
22,3,Paige VanZant,0.738
22,3,Kim Fields,0.2306
22,3,Ginger Zee,-0.2768
22,3,Marla Maples,-0.2768
22,3,Doug Flutie,-0.7842
22,3,Von Miller,-0.7842
22,3,Antonio Brown,-0.7842
22,3,Mischa Barton,-1.7989
22,4,Paige VanZant,1.0285
22,4,Ginger Zee,1.0285
22,4,Antonio Brown,0.7777
22,4,Wanya Morris,0.7777
22,4,Nyle DiMarco,0.5268
22,4,Kim Fields,0.0251
22,4,Von Miller,0.0251
22,4,Marla Maples,-0.9784
22,4,Jodie Sweetin,-1.2292
22,4,Doug Flutie,-1.9818
22,5,Nyle DiMarco,1.9
22,5,Jodie Sweetin,1.3
22,5,Ginger Zee,0.4
22,5,Paige VanZant,0.1
22,5,Wanya Morris,-0.2
22,5,Von Miller,-0.5
22,5,Kim Fields,-0.8
22,5,Doug Flutie,-0.8
22,5,Antonio Brown,-1.4
22,6,Wanya Morris,1.6435
22,6,Paige VanZant,1.2084
22,6,Antonio Brown,0.7734
22,6,Jodie Sweetin,-0.0967
22,6,Nyle DiMarco,-0.0967
22,6,Kim Fields,-0.5317
22,6,Von Miller,-0.5317
22,6,Ginger Zee,-0.5317
22,6,Doug Flutie,-1.8368
22,7,Nyle DiMarco,1.3868
22,7,Paige VanZant,0.8321
22,7,Ginger Zee,0.8321
22,7,Wanya Morris,0.8321
22,7,Kim Fields,-0.8321
22,7,Von Miller,-0.8321
22,7,Antonio Brown,-0.8321
22,7,Jodie Sweetin,-1.3868
22,8,Jodie Sweetin,1.0348
22,8,Ginger Zee,1.0348
22,8,Nyle DiMarco,0.4704
22,8,Paige VanZant,-0.0941
22,8,Antonio Brown,-0.6585
22,8,Wanya Morris,-1.7874
22,9,Wanya Morris,1.4018
22,9,Paige VanZant,0.8627
22,9,Nyle DiMarco,-0.2157
22,9,Ginger Zee,-0.7548
22,9,Antonio Brown,-1.294
22,10,Paige VanZant,1.2248
22,10,Nyle DiMarco,-0.0001
22,10,Ginger Zee,-1.2247
23,1,Laurie Hernandez,1.8104
23,1,James Hinchcliffe,1.8104
23,1,Marilu Henner,0.5208
23,1,Jana Kramer,0.5208
23,1,Calvin Johnson Jr.,0.1984
23,1,Babyface,0.1984
23,1,Vanilla Ice,-0.124
23,1,Terra Jole,-0.124
23,1,Ryan Lochte,-0.4464
23,1,Amber Rose,-0.4464
23,1,Jake T. Austin,-1.0912
23,1,Maureen McCormick,-1.0912
23,1,Rick Perry,-1.736
23,2,Laurie Hernandez,1.6704
23,2,Terra Jole,1.3311
23,2,Babyface,0.9918
23,2,James Hinchcliffe,0.6525
23,2,Jana Kramer,0.6525
23,2,Calvin Johnson Jr.,0.3132
23,2,Marilu Henner,-0.0261
23,2,Maureen McCormick,-0.3654
23,2,Vanilla Ice,-0.3654
23,2,Jake T. Austin,-1.044
23,2,Ryan Lochte,-1.044
23,2,Amber Rose,-1.044
23,2,Rick Perry,-1.7226
23,3,Calvin Johnson Jr.,1.6954
23,3,Laurie Hernandez,1.3506
23,3,Terra Jole,1.0058
23,3,James Hinchcliffe,0.6609
23,3,Maureen McCormick,0.3161
23,3,Marilu Henner,0.3161
23,3,Jana Kramer,-0.3736
23,3,Ryan Lochte,-0.7184
23,3,Amber Rose,-0.7184
23,3,Babyface,-0.7184
23,3,Rick Perry,-1.4081
23,3,Vanilla Ice,-1.4081
23,4,Laurie Hernandez,2.0382
23,4,James Hinchcliffe,1.3884
23,4,Terra Jole,0.4136
23,4,Maureen McCormick,0.0886
23,4,Amber Rose,0.0886
23,4,Calvin Johnson Jr.,-0.2363
23,4,Vanilla Ice,-0.2363
23,4,Jana Kramer,-0.2363
23,4,Ryan Lochte,-0.5613
23,4,Marilu Henner,-0.8862
23,4,Babyface,-1.861
23,5,James Hinchcliffe,2.0179
23,5,Marilu Henner,0.8462
23,5,Terra Jole,0.8462
23,5,Jana Kramer,0.2604
23,5,Laurie Hernandez,-0.3255
23,5,Maureen McCormick,-0.9113
23,5,Ryan Lochte,-0.9113
23,5,Calvin Johnson Jr.,-0.9113
23,5,Amber Rose,-0.9113
23,6,Jana Kramer,1.5127
23,6,James Hinchcliffe,1.0176
23,6,Calvin Johnson Jr.,0.7701
23,6,Laurie Hernandez,0.7701
23,6,Marilu Henner,0.0275
23,6,Maureen McCormick,-0.7151
23,6,Ryan Lochte,-0.9626
23,6,Terra Jole,-0.9626
23,6,Amber Rose,-1.4577
23,7,Calvin Johnson Jr.,1.5041
23,7,James Hinchcliffe,1.5041
23,7,Laurie Hernandez,0.0367
23,7,Jana Kramer,0.0367
23,7,Terra Jole,0.0367
23,7,Maureen McCormick,-0.8438
23,7,Ryan Lochte,-0.8438
23,7,Marilu Henner,-1.4308
23,8,James Hinchcliffe,1.4969
23,8,Laurie Hernandez,1.0206
23,8,Calvin Johnson Jr.,0.3062
23,8,Jana Kramer,0.3062
23,8,Ryan Lochte,-0.6464
23,8,Terra Jole,-1.1227
23,8,Marilu Henner,-1.3608
23,9,Laurie Hernandez,1.2935
23,9,Jana Kramer,1.2935
23,9,Terra Jole,0.0995
23,9,Calvin Johnson Jr.,-0.4975
23,9,Marilu Henner,-1.0945
23,9,James Hinchcliffe,-1.0945
23,10,Laurie Hernandez,0.9354
23,10,Terra Jole,0.9354
23,10,James Hinchcliffe,0.2673
23,10,Jana Kramer,-0.4009
23,10,Calvin Johnson Jr.,-1.7372
23,11,Laurie Hernandez,0.8549
23,11,James Hinchcliffe,0.6342
23,11,Calvin Johnson Jr.,0.193
23,11,Jana Kramer,-1.6821
24,1,Simone Biles,1.5552
24,1,Rashad Jennings,1.3276
24,1,Heather Morris,0.6448
24,1,Nancy Kerrigan,0.6448
24,1,David Ross,0.6448
24,1,Normani,0.4173
24,1,Erika Jayne,-0.2655
24,1,Nick Viall,-0.2655
24,1,Bonner Bolton,-0.7207
24,1,Charo,-0.9483
24,1,Mr. T,-1.1759
24,1,Chris Kattan,-1.8587
24,2,Rashad Jennings,1.4596
24,2,Normani,1.4596
24,2,Heather Morris,0.8341
24,2,Simone Biles,0.5213
24,2,Nancy Kerrigan,0.2085
24,2,Bonner Bolton,0.2085
24,2,Erika Jayne,0.2085
24,2,David Ross,-0.1043
24,2,Charo,-0.7298
24,2,Nick Viall,-0.7298
24,2,Mr. T,-1.6681
24,2,Chris Kattan,-1.6681
24,3,Normani,1.3953
24,3,Heather Morris,1.1352
24,3,Nancy Kerrigan,1.1352
24,3,Simone Biles,0.875
24,3,David Ross,0.6149
24,3,Rashad Jennings,-0.1655
24,3,Erika Jayne,-0.6858
24,3,Nick Viall,-0.6858
24,3,Charo,-1.2061
24,3,Mr. T,-1.2061
24,3,Bonner Bolton,-1.2061
24,4,Rashad Jennings,2.0613
24,4,Simone Biles,1.0951
24,4,Heather Morris,0.773
24,4,Nancy Kerrigan,0.1288
24,4,Bonner Bolton,-0.1932
24,4,Normani,-0.1932
24,4,David Ross,-0.5153
24,4,Erika Jayne,-0.8374
24,4,Nick Viall,-0.8374
24,4,Mr. T,-1.4816
24,5,Normani,1.6197
24,5,Simone Biles,1.3096
24,5,Nancy Kerrigan,0.6892
24,5,Heather Morris,0.0689
24,5,Nick Viall,0.0689
24,5,Rashad Jennings,-0.5514
24,5,Erika Jayne,-0.5514
24,5,Bonner Bolton,-1.1717
24,5,David Ross,-1.4819
24,6,Heather Morris,1.4931
24,6,Normani,1.0507
24,6,Rashad Jennings,0.6083
24,6,Simone Biles,0.3871
24,6,Nancy Kerrigan,-0.0553
24,6,Bonner Bolton,-0.9401
24,6,David Ross,-1.1613
24,6,Nick Viall,-1.3825
24,7,Normani,1.5586
24,7,Simone Biles,0.7603
24,7,Rashad Jennings,0.7603
24,7,Nancy Kerrigan,-0.038
24,7,Nick Viall,-0.5702
24,7,David Ross,-1.1024
24,7,Bonner Bolton,-1.3685
24,8,Normani,1.232
24,8,Rashad Jennings,0.6964
24,8,Simone Biles,0.2946
24,8,David Ross,-0.6428
24,8,Bonner Bolton,-1.5802
24,9,Simone Biles,1.1703
24,9,Rashad Jennings,0.3442
24,9,Normani,0.0688
24,9,David Ross,-1.5834
24,10,Rashad Jennings,0.8154
24,10,Normani,0.593
24,10,David Ross,-1.4084
25,1,Jordan Fisher,1.5044
25,1,Lindsey Stirling,1.5044
25,1,Vanessa Lachey,1.0883
25,1,Nikki Bella,0.6722
25,1,Frankie Muniz,0.2561
25,1,Victoria Arlen,0.2561
25,1,Sasha Pieterse,-0.16
25,1,Derek Fisher,-0.16
25,1,Nick Lachey,-0.16
25,1,Debbie Gibson,-0.5762
25,1,Drew Scott,-0.9923
25,1,Terrell Owens,-1.4084
25,1,Barbara Corcoran,-1.8245
25,2,Frankie Muniz,1.3933
25,2,Jordan Fisher,1.3933
25,2,Vanessa Lachey,1.1581
25,2,Sasha Pieterse,0.6876
25,2,Lindsey Stirling,0.6876
25,2,Victoria Arlen,0.4524
25,2,Debbie Gibson,-0.2533
25,2,Drew Scott,-0.2533
25,2,Nikki Bella,-0.7238
25,2,Terrell Owens,-0.7238
25,2,Derek Fisher,-0.9591
25,2,Nick Lachey,-0.9591
25,2,Barbara Corcoran,-1.9
25,3,Lindsey Stirling,2.2682
25,3,Jordan Fisher,1.3267
25,3,Drew Scott,0.3852
25,3,Vanessa Lachey,0.3852
25,3,Victoria Arlen,-0.0856
25,3,Frankie Muniz,-0.5563
25,3,Derek Fisher,-0.5563
25,3,Nikki Bella,-0.5563
25,3,Terrell Owens,-0.5563
25,3,Nick Lachey,-0.5563
25,3,Sasha Pieterse,-1.4979
25,4,Jordan Fisher,2.3311
25,4,Victoria Arlen,1.2627
25,4,Lindsey Stirling,0.7285
25,4,Sasha Pieterse,-0.34
25,4,Frankie Muniz,-0.34
25,4,Nikki Bella,-0.34
25,4,Terrell Owens,-0.34
25,4,Drew Scott,-0.34
25,4,Vanessa Lachey,-0.34
25,4,Derek Fisher,-0.8742
25,4,Nick Lachey,-1.4084
25,5,Jordan Fisher,1.635
25,5,Frankie Muniz,1.2157
25,5,Lindsey Stirling,0.7965
25,5,Nikki Bella,0.3773
25,5,Victoria Arlen,0.3773
25,5,Terrell Owens,-0.4611
25,5,Drew Scott,-0.4611
25,5,Sasha Pieterse,-0.8804
25,5,Vanessa Lachey,-0.8804
25,5,Nick Lachey,-1.7188
25,6,Lindsey Stirling,1.3568
25,6,Jordan Fisher,1.1307
25,6,Terrell Owens,0.6784
25,6,Nikki Bella,0.4523
25,6,Vanessa Lachey,0.4523
25,6,Frankie Muniz,-0.6784
25,6,Victoria Arlen,-0.6784
25,6,Drew Scott,-0.9045
25,6,Nick Lachey,-1.8091
25,7,Frankie Muniz,1.5907
25,7,Victoria Arlen,0.8272
25,7,Drew Scott,0.8272
25,7,Jordan Fisher,0.0636
25,7,Vanessa Lachey,0.0636
25,7,Lindsey Stirling,-0.6999
25,7,Terrell Owens,-1.2089
25,7,Nikki Bella,-1.4635
25,8,Jordan Fisher,1.8226
25,8,Lindsey Stirling,0.4266
25,8,Frankie Muniz,0.1939
25,8,Terrell Owens,-0.2714
25,8,Victoria Arlen,-0.9695
25,8,Drew Scott,-1.2021
25,9,Jordan Fisher,1.0398
25,9,Lindsey Stirling,0.7798
25,9,Victoria Arlen,0.5199
25,9,Frankie Muniz,-0.7798
25,9,Drew Scott,-1.5596
25,10,Jordan Fisher,0.8785
25,10,Lindsey Stirling,0.8785
25,10,Frankie Muniz,-0.2029
25,10,Drew Scott,-1.5541
26,1,Josh Norman,1.2677
26,1,Adam Rippon,1.2677
26,1,Mirai Nagasu,0.8452
26,1,Tonya Harding,0.8452
26,1,Jennie Finch Daigle,0.0
26,1,Chris Mazdzer,0.0
26,1,Arike Ogunbowale,-0.4226
26,1,Jamie Anderson,-0.8452
26,1,Johnny Damon,-1.2677
26,1,Kareem Abdul-Jabbar,-1.6903
26,2,Mirai Nagasu,1.4079
26,2,Adam Rippon,1.4079
26,2,Arike Ogunbowale,0.6175
26,2,Chris Mazdzer,-0.1729
26,2,Tonya Harding,-0.1729
26,2,Jennie Finch Daigle,-0.7657
26,2,Josh Norman,-0.7657
26,2,Kareem Abdul-Jabbar,-1.5561
26,3,Adam Rippon,1.5513
26,3,Josh Norman,0.7535
26,3,Mirai Nagasu,-0.0443
26,3,Tonya Harding,-0.0443
26,3,Chris Mazdzer,-0.5762
26,3,Jennie Finch Daigle,-1.64
26,4,Adam Rippon,1.2247
26,4,Josh Norman,0.0
26,4,Tonya Harding,-1.2247
27,1,DeMarcus Ware,1.3767
27,1,Tinashe,1.3767
27,1,Juan Pablo Di Pace,0.9699
27,1,Alexis Ren,0.9699
27,1,Milo Manheim,0.1564
27,1,Mary Lou Retton,0.1564
27,1,Bobby Bones,0.1564
27,1,Nancy McKeon,-0.0469
27,1,Evanna Lynch,-0.6571
27,1,John Schneider,-0.6571
27,1,Danelle Umstead,-0.6571
27,1,Nikki Glaser,-0.8604
27,1,Joe Amabile,-2.284
27,2,Juan Pablo Di Pace,1.2026
27,2,Milo Manheim,1.2026
27,2,Tinashe,1.2026
27,2,Alexis Ren,0.681
27,2,Evanna Lynch,0.5071
27,2,DeMarcus Ware,0.3333
27,2,Mary Lou Retton,0.1594
27,2,John Schneider,-0.3622
27,2,Nancy McKeon,-0.71
27,2,Bobby Bones,-1.0577
27,2,Danelle Umstead,-1.4055
27,2,Joe Amabile,-1.7533
27,3,Juan Pablo Di Pace,1.6478
27,3,Evanna Lynch,0.7262
27,3,Milo Manheim,0.7262
27,3,Tinashe,0.7262
27,3,DeMarcus Ware,0.4189
27,3,Alexis Ren,0.4189
27,3,Mary Lou Retton,-0.1955
27,3,Bobby Bones,-0.5027
27,3,Nancy McKeon,-0.8099
27,3,John Schneider,-1.1172
27,3,Joe Amabile,-2.0388
27,4,Milo Manheim,1.5636
27,4,Mary Lou Retton,0.7548
27,4,Tinashe,0.7548
27,4,Alexis Ren,0.4852
27,4,Juan Pablo Di Pace,0.2157
27,4,Evanna Lynch,0.2157
27,4,DeMarcus Ware,-0.3235
27,4,John Schneider,-0.5931
27,4,Bobby Bones,-0.8627
27,4,Joe Amabile,-2.2106
27,5,Juan Pablo Di Pace,1.1967
27,5,Alexis Ren,1.1967
27,5,Milo Manheim,0.6444
27,5,DeMarcus Ware,0.3682
27,5,Mary Lou Retton,0.0921
27,5,Evanna Lynch,-0.1841
27,5,John Schneider,-0.1841
27,5,Bobby Bones,-1.0126
27,5,Joe Amabile,-2.1173
27,6,Juan Pablo Di Pace,1.2262
27,6,Milo Manheim,1.2262
27,6,Evanna Lynch,0.957
27,6,Alexis Ren,0.4187
27,6,DeMarcus Ware,0.1495
27,6,Mary Lou Retton,-0.3888
27,6,Bobby Bones,-0.9271
27,6,Joe Amabile,-0.9271
27,6,John Schneider,-1.7346
27,7,Evanna Lynch,1.336
27,7,Milo Manheim,1.0471
27,7,Juan Pablo Di Pace,0.4694
27,7,Alexis Ren,0.1805
27,7,John Schneider,-0.1083
27,7,DeMarcus Ware,-0.3972
27,7,Bobby Bones,-0.3972
27,7,Joe Amabile,-2.1304
27,8,Juan Pablo Di Pace,1.0621
27,8,Evanna Lynch,0.7267
27,8,Alexis Ren,0.7267
27,8,Milo Manheim,0.2236
27,8,Joe Amabile,-1.2857
27,8,Bobby Bones,-1.4534
27,9,Evanna Lynch,0.9045
27,9,Milo Manheim,0.9045
27,9,Alexis Ren,-0.3015
27,9,Bobby Bones,-1.5076
28,1,James Van Der Beek,1.6128
28,1,Hannah Brown,1.2609
28,1,Lauren Alaina,0.909
28,1,Sailor Brinkley-Cook,0.5571
28,1,Mary Wilson,0.2053
28,1,Karamo Brown,0.2053
28,1,Kel Mitchell,-0.1466
28,1,Ally Brooke,-0.1466
28,1,Kate Flannery,-0.4985
28,1,Ray Lewis,-0.4985
28,1,Sean Spicer,-1.5541
28,1,Lamar Odom,-1.906
28,2,Hannah Brown,1.8474
28,2,Kate Flannery,0.8835
28,2,James Van Der Beek,0.5623
28,2,Kel Mitchell,0.5623
28,2,Ally Brooke,0.5623
28,2,Lauren Alaina,0.241
28,2,Karamo Brown,0.241
28,2,Sailor Brinkley-Cook,-0.0803
28,2,Sean Spicer,-0.7229
28,2,Ray Lewis,-1.0442
28,2,Mary Wilson,-1.0442
28,2,Lamar Odom,-2.008
28,3,Kate Flannery,1.0647
28,3,Ally Brooke,1.0647
28,3,James Van Der Beek,0.8112
28,3,Sailor Brinkley-Cook,0.8112
28,3,Hannah Brown,0.3042
28,3,Kel Mitchell,0.0507
28,3,Lauren Alaina,0.0507
28,3,Karamo Brown,-0.9633
28,3,Sean Spicer,-1.2168
28,3,Lamar Odom,-1.9774
28,4,Kel Mitchell,0.8727
28,4,Lauren Alaina,0.8727
28,4,Ally Brooke,0.8727
28,4,Hannah Brown,0.8727
28,4,Sailor Brinkley-Cook,0.643
28,4,James Van Der Beek,-0.0459
28,4,Karamo Brown,-0.0459
28,4,Kate Flannery,-0.5052
28,4,Sean Spicer,-1.6535
28,4,Lamar Odom,-1.8832
28,5,Ally Brooke,1.2834
28,5,James Van Der Beek,0.8709
28,5,Kel Mitchell,0.8709
28,5,Hannah Brown,0.4583
28,5,Kate Flannery,0.0458
28,5,Sailor Brinkley-Cook,0.0458
28,5,Lauren Alaina,-0.3667
28,5,Karamo Brown,-1.1917
28,5,Sean Spicer,-2.0167
28,6,Kate Flannery,0.9129
28,6,James Van Der Beek,0.9129
28,6,Sailor Brinkley-Cook,0.9129
28,6,Kel Mitchell,0.3651
28,6,Lauren Alaina,0.3651
28,6,Ally Brooke,-0.1826
28,6,Karamo Brown,-0.1826
28,6,Hannah Brown,-0.7303
28,6,Sean Spicer,-2.3735
28,7,James Van Der Beek,0.9037
28,7,Lauren Alaina,0.9037
28,7,Ally Brooke,0.9037
28,7,Hannah Brown,0.3873
28,7,Kel Mitchell,0.1291
28,7,Karamo Brown,-0.3873
28,7,Kate Flannery,-0.6455
28,7,Sean Spicer,-2.1947
28,8,James Van Der Beek,1.0892
28,8,Hannah Brown,0.8433
28,8,Ally Brooke,0.5974
28,8,Kel Mitchell,0.5973
28,8,Kate Flannery,-0.3865
28,8,Lauren Alaina,-0.8784
28,8,Sean Spicer,-1.8622
28,9,Ally Brooke,1.1284
28,9,Kel Mitchell,0.4836
28,9,James Van Der Beek,0.2687
28,9,Hannah Brown,0.1612
28,9,Lauren Alaina,0.0537
28,9,Sean Spicer,-2.0956
28,10,Ally Brooke,1.451
28,10,Kel Mitchell,0.7255
28,10,Lauren Alaina,-0.3627
28,10,Hannah Brown,-0.3627
28,10,James Van Der Beek,-1.451
28,11,Ally Brooke,1.3416
28,11,Kel Mitchell,0.4472
28,11,Hannah Brown,-0.4472
28,11,Lauren Alaina,-1.3416
29,1,Skai Jackson,1.2207
29,1,Justina Machado,1.2207
29,1,Nev Schulman,0.8878
29,1,Kaitlyn Bristowe,0.8878
29,1,Monica Aldama,0.5549
29,1,Anne Heche,0.2219
29,1,Jesse Metcalfe,0.2219
29,1,Johnny Weir,0.2219
29,1,AJ McLean,0.2219
29,1,Jeannie Mai,0.2219
29,1,Veron Davis,-0.111
29,1,Nelly,-0.4439
29,1,Chrishell Stause,-1.4427
29,1,Charles Oakley,-1.7756
29,1,Carole Baskin,-2.1085
29,2,Kaitlyn Bristowe,1.8339
29,2,Justina Machado,1.3513
29,2,Nev Schulman,1.3513
29,2,Jesse Metcalfe,0.8687
29,2,AJ McLean,0.3861
29,2,Anne Heche,-0.0965
29,2,Chrishell Stause,-0.0965
29,2,Veron Davis,-0.0965
29,2,Johnny Weir,-0.0965
29,2,Nelly,-0.0965
29,2,Jeannie Mai,-0.0965
29,2,Carole Baskin,-1.0618
29,2,Monica Aldama,-1.0618
29,2,Skai Jackson,-1.5444
29,2,Charles Oakley,-1.5444
29,3,Johnny Weir,1.1887
29,3,Nev Schulman,1.1887
29,3,Kaitlyn Bristowe,0.8861
29,3,Chrishell Stause,0.5835
29,3,Veron Davis,0.5835
29,3,Jeannie Mai,0.5835
29,3,AJ McLean,0.281
29,3,Monica Aldama,0.281
29,3,Jesse Metcalfe,-0.0216
29,3,Justina Machado,-0.3242
29,3,Skai Jackson,-0.6267
29,3,Nelly,-0.6267
29,3,Anne Heche,-1.5344
29,3,Carole Baskin,-2.4421
29,4,Skai Jackson,2.4303
29,4,Kaitlyn Bristowe,0.9258
29,4,Justina Machado,0.4243
29,4,Johnny Weir,0.4243
29,4,Nev Schulman,0.4243
29,4,AJ McLean,0.4243
29,4,Monica Aldama,0.4243
29,4,Chrishell Stause,-0.5786
29,4,Veron Davis,-0.5786
29,4,Anne Heche,-1.0801
29,4,Jesse Metcalfe,-1.0801
29,4,Nelly,-1.0801
29,4,Jeannie Mai,-1.0801
29,5,Johnny Weir,1.7529
29,5,Kaitlyn Bristowe,1.0632
29,5,Nev Schulman,0.7184
29,5,Monica Aldama,0.7184
29,5,Skai Jackson,0.0287
29,5,Justina Machado,0.0287
29,5,AJ McLean,0.0287
29,5,Nelly,0.0287
29,5,Jeannie Mai,0.0287
29,5,Veron Davis,-1.0058
29,5,Jesse Metcalfe,-1.6954
29,5,Chrishell Stause,-1.6954
29,6,Justina Machado,0.9292
29,6,AJ McLean,0.9292
29,6,Kaitlyn Bristowe,0.9292
29,6,Monica Aldama,0.9292
29,6,Nev Schulman,0.5768
29,6,Jeannie Mai,0.2243
29,6,Chrishell Stause,-0.1282
29,6,Nelly,-0.1282
29,6,Johnny Weir,-0.8331
29,6,Veron Davis,-1.1856
29,6,Skai Jackson,-2.2429
29,7,Nev Schulman,2.0
29,7,Skai Jackson,0.5
29,7,Johnny Weir,0.5
29,7,Nelly,0.5
29,7,Chrishell Stause,0.0
29,7,Justina Machado,0.0
29,7,AJ McLean,0.0
29,7,Jeannie Mai,-0.5
29,7,Kaitlyn Bristowe,-1.0
29,7,Monica Aldama,-2.0
29,8,Johnny Weir,1.2136
29,8,Nev Schulman,1.2136
29,8,Justina Machado,0.6741
29,8,Kaitlyn Bristowe,0.1349
29,8,Chrishell Stause,-0.4045
29,8,AJ McLean,-0.4045
29,8,Skai Jackson,-0.4046
29,8,Nelly,-2.0226
29,9,Johnny Weir,1.0463
29,9,Kaitlyn Bristowe,1.0463
29,9,Skai Jackson,0.6154
29,9,Nev Schulman,0.6154
29,9,Justina Machado,-0.677
29,9,AJ McLean,-1.1079
29,9,Nelly,-1.5386
29,10,Nev Schulman,1.3093
29,10,Kaitlyn Bristowe,1.3093
29,10,Justina Machado,0.0
29,10,Skai Jackson,-0.6547
29,10,Johnny Weir,-0.6547
29,10,Nelly,-1.3093
29,11,Justina Machado,0.5774
29,11,Nev Schulman,0.5774
29,11,Kaitlyn Bristowe,0.5774
29,11,Nelly,-1.7321
30,1,JoJo Siwa,1.2365
30,1,Suni Lee,0.9677
30,1,Amanda Kloots,0.9677
30,1,Melanie C,0.6989
30,1,Melora Hardin,0.4301
30,1,Kenya Moore,0.4301
30,1,Olivia Jade,0.1613
30,1,Christine Chiu,0.1613
30,1,Brian Austin Green,-0.1075
30,1,Matt James,-0.1075
30,1,"Mike ""The Miz"" Mizanin",-0.1075
30,1,Cody Rigsby,-0.1075
30,1,Jimmie Allen,-0.6451
30,1,Iman Shumpert,-0.9139
30,1,Martin Kove,-3.0643
30,2,Amanda Kloots,1.579
30,2,JoJo Siwa,1.3296
30,2,Melanie C,1.0803
30,2,Suni Lee,0.5817
30,2,Melora Hardin,0.3324
30,2,Jimmie Allen,0.3324
30,2,Olivia Jade,0.3324
30,2,"Mike ""The Miz"" Mizanin",0.0831
30,2,Iman Shumpert,-0.1662
30,2,Cody Rigsby,-0.4155
30,2,Christine Chiu,-0.4155
30,2,Kenya Moore,-0.4155
30,2,Brian Austin Green,-0.6648
30,2,Matt James,-0.9141
30,2,Martin Kove,-2.6593
30,3,Olivia Jade,1.4241
30,3,JoJo Siwa,1.4241
30,3,Amanda Kloots,1.4241
30,3,Melora Hardin,0.8994
30,3,"Mike ""The Miz"" Mizanin",0.3748
30,3,Melanie C,0.3748
30,3,Suni Lee,-0.1499
30,3,Christine Chiu,-0.1499
30,3,Kenya Moore,-0.1499
30,3,Matt James,-0.6746
30,3,Jimmie Allen,-0.6746
30,3,Brian Austin Green,-1.1993
30,3,Iman Shumpert,-1.1993
30,3,Cody Rigsby,-1.7239
30,4,Melora Hardin,1.5108
30,4,Olivia Jade,0.9984
30,4,JoJo Siwa,0.9984
30,4,Suni Lee,0.6569
30,4,Amanda Kloots,0.6569
30,4,Melanie C,0.3153
30,4,"Mike ""The Miz"" Mizanin",0.1445
30,4,Jimmie Allen,0.1445
30,4,Iman Shumpert,-0.1971
30,4,Kenya Moore,-0.8802
30,4,Cody Rigsby,-1.051
30,4,Matt James,-1.2218
30,4,Brian Austin Green,-2.0757
30,5,JoJo Siwa,1.5532
30,5,Amanda Kloots,1.2425
30,5,Melora Hardin,0.3106
30,5,Suni Lee,0.3106
30,5,Melanie C,0.3106
30,5,Olivia Jade,0.3106
30,5,Kenya Moore,0.3106
30,5,Jimmie Allen,-0.3106
30,5,"Mike ""The Miz"" Mizanin",-0.9319
30,5,Cody Rigsby,-0.9319
30,5,Iman Shumpert,-2.1744
30,6,Iman Shumpert,1.4412
30,6,JoJo Siwa,1.4412
30,6,Jimmie Allen,0.6405
30,6,Amanda Kloots,0.6405
30,6,Suni Lee,-0.1601
30,6,Cody Rigsby,-0.1601
30,6,Olivia Jade,-0.1601
30,6,Melora Hardin,-0.9608
30,6,"Mike ""The Miz"" Mizanin",-0.9608
30,6,Kenya Moore,-1.7614
30,7,Olivia Jade,1.9007
30,7,JoJo Siwa,0.8944
30,7,Melora Hardin,0.559
30,7,Jimmie Allen,0.559
30,7,Cody Rigsby,-0.1118
30,7,Suni Lee,-0.7826
30,7,Iman Shumpert,-0.7826
30,7,Amanda Kloots,-0.7826
30,7,"Mike ""The Miz"" Mizanin",-1.4534
30,8,Melora Hardin,0.9707
30,8,Suni Lee,0.9707
30,8,Amanda Kloots,0.9707
30,8,JoJo Siwa,0.6934
30,8,Cody Rigsby,-0.1387
30,8,Olivia Jade,-0.6934
30,8,Iman Shumpert,-0.9707
30,8,Jimmie Allen,-1.8028
30,9,JoJo Siwa,1.4142
30,9,Amanda Kloots,1.1112
30,9,Suni Lee,-0.101
30,9,Iman Shumpert,-0.101
30,9,Melora Hardin,-1.0102
30,9,Cody Rigsby,-1.3132
30,10,Iman Shumpert,0.9045
30,10,JoJo Siwa,0.9045
30,10,Amanda Kloots,-0.3015
30,10,Cody Rigsby,-1.5076
31,1,Charli D'Amelio,1.8709
31,1,Wayne Brady,1.1801
31,1,Selma Blair,0.9499
31,1,Shangela,0.9499
31,1,Gabby Windey,0.9499
31,1,Daniel Durant,0.7196
31,1,Jordin Sparks,0.4893
31,1,Heidi D'Amelio,0.0288
31,1,Joseph Baena,-0.2015
31,1,Cheryl Ladd,-0.662
31,1,Trevor Donovan,-0.662
31,1,Sam Champion,-0.8923
31,1,Jessie James Decker,-0.8923
31,1,Teresa Giudice,-0.8923
31,1,Jason Lewis,-1.3528
31,1,Vinny Guadagnino,-1.5831
31,2,Wayne Brady,1.4161
31,2,Charli D'Amelio,1.4161
31,2,Gabby Windey,1.4161
31,2,Trevor Donovan,0.7913
31,2,Daniel Durant,0.479
31,2,Selma Blair,0.1666
31,2,Heidi D'Amelio,0.1666
31,2,Shangela,0.1666
31,2,Jordin Sparks,-0.1458
31,2,Vinny Guadagnino,-0.1458
31,2,Sam Champion,-0.4581
31,2,Jessie James Decker,-0.7705
31,2,Joseph Baena,-1.0829
31,2,Teresa Giudice,-1.3952
31,2,Cheryl Ladd,-2.02
31,3,Wayne Brady,1.2775
31,3,Charli D'Amelio,1.2775
31,3,Gabby Windey,1.2775
31,3,Heidi D'Amelio,0.9744
31,3,Daniel Durant,0.6712
31,3,Shangela,0.3681
31,3,Joseph Baena,0.065
31,3,Jordin Sparks,0.065
31,3,Selma Blair,-0.2382
31,3,Trevor Donovan,-0.5413
31,3,Jessie James Decker,-0.8444
31,3,Sam Champion,-1.1476
31,3,Cheryl Ladd,-1.4507
31,3,Vinny Guadagnino,-1.7538
31,4,Wayne Brady,1.2995
31,4,Charli D'Amelio,1.2995
31,4,Gabby Windey,1.2995
31,4,Jordin Sparks,0.717
31,4,Heidi D'Amelio,0.717
31,4,Selma Blair,0.1344
31,4,Shangela,0.1344
31,4,Jessie James Decker,-0.1568
31,4,Daniel Durant,-0.7394
31,4,Vinny Guadagnino,-0.7394
31,4,Joseph Baena,-1.0307
31,4,Trevor Donovan,-1.0307
31,4,Sam Champion,-1.9045
31,5,Charli D'Amelio,1.4213
31,5,Wayne Brady,1.114
31,5,Gabby Windey,1.114
31,5,Selma Blair,0.8067
31,5,Heidi D'Amelio,0.4994
31,5,Shangela,0.3457
31,5,Trevor Donovan,-0.4226
31,5,Jessie James Decker,-0.4226
31,5,Jordin Sparks,-0.5762
31,5,Joseph Baena,-0.7299
31,5,Daniel Durant,-1.1908
31,5,Vinny Guadagnino,-1.9591
31,6,Charli D'Amelio,1.8283
31,6,Gabby Windey,0.831
31,6,Heidi D'Amelio,0.4986
31,6,Shangela,0.4986
31,6,Trevor Donovan,-0.1662
31,6,Daniel Durant,-0.1662
31,6,Wayne Brady,-0.1662
31,6,Jordin Sparks,-0.1662
31,6,Jessie James Decker,-0.831
31,6,Vinny Guadagnino,-2.1607
31,7,Trevor Donovan,1.2533
31,7,Charli D'Amelio,1.2533
31,7,Wayne Brady,0.8109
31,7,Daniel Durant,0.1474
31,7,Shangela,0.1474
31,7,Gabby Windey,-0.2949
31,7,Heidi D'Amelio,-0.516
31,7,Jordin Sparks,-0.7372
31,7,Vinny Guadagnino,-2.0642
31,8,Wayne Brady,1.1573
31,8,Charli D'Amelio,1.1573
31,8,Shangela,0.5535
31,8,Gabby Windey,0.1509
31,8,Trevor Donovan,-0.0503
31,8,Daniel Durant,-0.0503
31,8,Heidi D'Amelio,-0.8554
31,8,Vinny Guadagnino,-2.0629
31,9,Charli D'Amelio,1.2263
31,9,Gabby Windey,1.2263
31,9,Wayne Brady,-0.0613
31,9,Shangela,-0.0613
31,9,Daniel Durant,-0.7971
31,9,Trevor Donovan,-1.5328
31,10,Charli D'Amelio,1.0
31,10,Gabby Windey,1.0
31,10,Wayne Brady,-1.0
31,10,Shangela,-1.0
32,1,Charity Lawson,1.6295
32,1,Jason Mraz,1.3332
32,1,Ariana Madix,1.3332
32,1,Lele Pons,0.7407
32,1,Xochitl Gomez,0.4444
32,1,Adrian Peterson,0.4444
32,1,Mira Sorvino,0.1481
32,1,Barry Williams,-0.1481
32,1,Jamie Lynn Spears,-0.4444
32,1,Mauricio Umansky,-0.4444
32,1,Alyson Hannigan,-1.0369
32,1,Matt Walsh,-1.3332
32,1,Tyson Beckford,-1.3332
32,1,Harry Jowsey,-1.3332
32,2,Xochitl Gomez,1.6187
32,2,Jason Mraz,1.6187
32,2,Lele Pons,0.7656
32,2,Charity Lawson,0.7656
32,2,Ariana Madix,0.4812
32,2,Alyson Hannigan,0.1969
32,2,Mira Sorvino,-0.0875
32,2,Tyson Beckford,-0.0875
32,2,Jamie Lynn Spears,-0.6562
32,2,Barry Williams,-0.9406
32,2,Adrian Peterson,-0.9406
32,2,Harry Jowsey,-0.9406
32,2,Mauricio Umansky,-1.7937
32,3,Jason Mraz,1.5191
32,3,Ariana Madix,1.5191
32,3,Xochitl Gomez,1.0902
32,3,Charity Lawson,1.0902
32,3,Lele Pons,0.0179
32,3,Mira Sorvino,-0.1966
32,3,Barry Williams,-0.411
32,3,Alyson Hannigan,-0.6255
32,3,Harry Jowsey,-0.6255
32,3,Mauricio Umansky,-0.84
32,3,Adrian Peterson,-1.0544
32,3,Tyson Beckford,-1.4833
32,4,Xochitl Gomez,1.8572
32,4,Ariana Madix,1.1404
32,4,Jason Mraz,0.782
32,4,Charity Lawson,0.782
32,4,Lele Pons,0.0652
32,4,Mira Sorvino,-0.2932
32,4,Adrian Peterson,-0.2932
32,4,Harry Jowsey,-0.2932
32,4,Mauricio Umansky,-1.01
32,4,Barry Williams,-1.3684
32,4,Alyson Hannigan,-1.3684
32,5,Xochitl Gomez,1.3333
32,5,Charity Lawson,1.3333
32,5,Jason Mraz,1.0
32,5,Barry Williams,0.0
32,5,Lele Pons,0.0
32,5,Mauricio Umansky,0.0
32,5,Ariana Madix,0.0
32,5,Mira Sorvino,-0.6667
32,5,Alyson Hannigan,-1.0
32,5,Harry Jowsey,-2.0
32,6,Xochitl Gomez,1.4169
32,6,Ariana Madix,1.1892
32,6,Jason Mraz,0.7338
32,6,Charity Lawson,0.506
32,6,Lele Pons,0.2783
32,6,Mauricio Umansky,-0.6326
32,6,Barry Williams,-0.8603
32,6,Alyson Hannigan,-1.088
32,6,Harry Jowsey,-1.5434
32,7,Xochitl Gomez,0.9526
32,7,Ariana Madix,0.9526
32,7,Lele Pons,0.6804
32,7,Jason Mraz,0.4082
32,7,Charity Lawson,0.4082
32,7,Alyson Hannigan,-0.1361
32,7,Barry Williams,-1.4969
32,7,Harry Jowsey,-1.7691
32,8,Ariana Madix,1.3344
32,8,Xochitl Gomez,0.8788
32,8,Charity Lawson,0.6509
32,8,Alyson Hannigan,-0.0325
32,8,Barry Williams,-0.2604
32,8,Jason Mraz,-0.716
32,8,Harry Jowsey,-1.8552
32,9,Jason Mraz,1.3412
32,9,Xochitl Gomez,0.9062
32,9,Charity Lawson,0.2537
32,9,Ariana Madix,0.0362
32,9,Alyson Hannigan,-1.0512
32,9,Harry Jowsey,-1.4862
32,10,Xochitl Gomez,0.9487
32,10,Charity Lawson,0.6325
32,10,Ariana Madix,0.3162
32,10,Jason Mraz,0.0
32,10,Alyson Hannigan,-1.8974
32,11,Xochitl Gomez,0.6823
32,11,Jason Mraz,0.6823
32,11,Charity Lawson,0.3032
32,11,Ariana Madix,0.3032
32,11,Alyson Hannigan,-1.9711
33,1,Chandler Kinney,1.7753
33,1,Dwight Howard,1.3314
33,1,Stephen Nedoroscik,0.8876
33,1,Joey Graziadei,0.8876
33,1,Danny Amendola,0.4438
33,1,Phaedra Parks,0.0
33,1,Jenn Tran,0.0
33,1,Ilona Maher,-0.4438
33,1,Anna Delvey,-0.4438
33,1,Brooks Nader,-0.4438
33,1,Tori Spelling,-0.8876
33,1,Reginald VelJohnson,-1.3314
33,1,Eric Roberts,-1.7753
33,2,Chandler Kinney,1.5641
33,2,Dwight Howard,0.811
33,2,Stephen Nedoroscik,0.811
33,2,Joey Graziadei,0.811
33,2,Danny Amendola,0.4345
33,2,Ilona Maher,0.4345
33,2,Phaedra Parks,0.4345
33,2,Brooks Nader,0.0579
33,2,Tori Spelling,-0.3186
33,2,Jenn Tran,-0.3186
33,2,Anna Delvey,-1.0717
33,2,Eric Roberts,-1.8247
33,2,Reginald VelJohnson,-1.8247
33,3,Joey Graziadei,1.4717
33,3,Chandler Kinney,1.3509
33,3,Stephen Nedoroscik,0.5052
33,3,Jenn Tran,0.5052
33,3,Brooks Nader,0.3844
33,3,Danny Amendola,0.2636
33,3,Ilona Maher,-0.2197
33,3,Phaedra Parks,-0.2197
33,3,Dwight Howard,-0.7029
33,3,Eric Roberts,-1.4278
33,3,Reginald VelJohnson,-1.911
33,4,Danny Amendola,1.6222
33,4,Joey Graziadei,1.6222
33,4,Stephen Nedoroscik,0.1622
33,4,Chandler Kinney,-0.3244
33,4,Ilona Maher,-0.3244
33,4,Brooks Nader,-0.3244
33,4,Phaedra Parks,-0.3244
33,4,Jenn Tran,-0.3244
33,4,Dwight Howard,-1.7844
33,5,Chandler Kinney,1.6499
33,5,Ilona Maher,0.7071
33,5,Joey Graziadei,0.7071
33,5,Danny Amendola,0.2357
33,5,Jenn Tran,0.2357
33,5,Dwight Howard,-1.1785
33,5,Stephen Nedoroscik,-1.1785
33,5,Phaedra Parks,-1.1785
33,6,Chandler Kinney,0.9461
33,6,Joey Graziadei,0.9461
33,6,Dwight Howard,0.5781
33,6,Jenn Tran,0.5781
33,6,Danny Amendola,-0.5256
33,6,Stephen Nedoroscik,-0.5256
33,6,Ilona Maher,-1.9972
33,7,Chandler Kinney,1.7889
33,7,Joey Graziadei,0.4472
33,7,Stephen Nedoroscik,0.1789
33,7,Ilona Maher,-0.3578
33,7,Danny Amendola,-0.6261
33,7,Dwight Howard,-1.4311
33,8,Chandler Kinney,0.9535
33,8,Joey Graziadei,0.9535
33,8,Ilona Maher,0.4767
33,8,Danny Amendola,-0.9535
33,8,Stephen Nedoroscik,-1.4302
33,9,Chandler Kinney,1.2247
33,9,Stephen Nedoroscik,0.5443
33,9,Joey Graziadei,0.5443
33,9,Ilona Maher,-0.8165
33,9,Danny Amendola,-1.4969
34,1,Robert Irwin,1.6304
34,1,Whitney Leavitt,1.6304
34,1,Hilaria Baldwin,1.1342
34,1,Lauren Jauregui,0.638
34,1,Alix Earle,0.638
34,1,Danielle Fishel,0.1418
34,1,Elaine Hendrix,0.1418
34,1,Jen Affleck,0.1418
34,1,Baron Davis,-0.8507
34,1,Jordan Chiles,-0.8507
34,1,Scott Hoying,-0.8507
34,1,Dylan Efron,-0.8507
34,1,Corey Feldman,-1.3469
34,1,Andy Richter,-1.3469
34,2,Jordan Chiles,0.9603
34,2,Robert Irwin,0.9603
34,2,Jen Affleck,0.9603
34,2,Whitney Leavitt,0.9603
34,2,Elaine Hendrix,0.5121
34,2,Hilaria Baldwin,0.5121
34,2,Lauren Jauregui,0.5121
34,2,Alix Earle,0.5121
34,2,Dylan Efron,0.064
34,2,Danielle Fishel,-0.3841
34,2,Baron Davis,-0.8322
34,2,Scott Hoying,-0.8322
34,2,Andy Richter,-1.7285
34,2,Corey Feldman,-2.1766
34,3,Jordan Chiles,1.2795
34,3,Whitney Leavitt,1.2795
34,3,Alix Earle,0.7842
34,3,Dylan Efron,0.7842
34,3,Robert Irwin,0.2889
34,3,Hilaria Baldwin,0.2889
34,3,Scott Hoying,0.2889
34,3,Danielle Fishel,-0.2064
34,3,Elaine Hendrix,-0.2064
34,3,Jen Affleck,-1.197
34,3,Andy Richter,-1.6923
34,3,Lauren Jauregui,-1.6923
34,4,Whitney Leavitt,1.3082
34,4,Elaine Hendrix,0.7752
34,4,Jordan Chiles,0.7752
34,4,Alix Earle,0.7752
34,4,Hilaria Baldwin,0.2423
34,4,Jen Affleck,0.2423
34,4,Dylan Efron,0.2423
34,4,Robert Irwin,-0.2907
34,4,Danielle Fishel,-0.8237
34,4,Scott Hoying,-0.8237
34,4,Andy Richter,-2.4225
34,5,Dylan Efron,1.3562
34,5,Robert Irwin,1.0677
34,5,Alix Earle,1.0677
34,5,Whitney Leavitt,0.4905
34,5,Jordan Chiles,0.202
34,5,Elaine Hendrix,-0.3751
34,5,Scott Hoying,-0.3751
34,5,Danielle Fishel,-0.6637
34,5,Jen Affleck,-0.6637
34,5,Andy Richter,-2.1065
34,6,Jordan Chiles,1.2659
34,6,Whitney Leavitt,1.2659
34,6,Danielle Fishel,0.5064
34,6,Elaine Hendrix,0.5064
34,6,Robert Irwin,0.5064
34,6,Alix Earle,0.2532
34,6,Jen Affleck,-0.5064
34,6,Dylan Efron,-0.5064
34,6,Scott Hoying,-1.5191
34,6,Andy Richter,-1.7723
34,7,Alix Earle,1.3631
34,7,Whitney Leavitt,1.1401
34,7,Robert Irwin,0.917
34,7,Jordan Chiles,0.2478
34,7,Dylan Efron,0.2478
34,7,Danielle Fishel,-0.4213
34,7,Jen Affleck,-0.6444
34,7,Elaine Hendrix,-1.0905
34,7,Andy Richter,-1.7597
34,8,Whitney Leavitt,1.1472
34,8,Jordan Chiles,0.8307
34,8,Alix Earle,0.5143
34,8,Robert Irwin,0.1978
34,8,Dylan Efron,0.1978
34,8,Elaine Hendrix,-0.1187
34,8,Danielle Fishel,-0.4352
34,8,Andy Richter,-2.334
34,9,Robert Irwin,0.7787
34,9,Whitney Leavitt,0.7787
34,9,Dylan Efron,0.7787
34,9,Alix Earle,0.3244
34,9,Jordan Chiles,0.0973
34,9,Elaine Hendrix,-0.584
34,9,Andy Richter,-2.1738
34,10,Robert Irwin,1.3363
34,10,Alix Earle,0.5345
34,10,Whitney Leavitt,0.5345
34,10,Elaine Hendrix,-0.2673
34,10,Jordan Chiles,-0.2673
34,10,Dylan Efron,-1.8708
34,11,Alix Earle,1.3728
34,11,Jordan Chiles,0.3922
34,11,Robert Irwin,0.3922
34,11,Dylan Efron,-0.5883
34,11,Elaine Hendrix,-1.5689
